-- MySQL dump 10.13  Distrib 5.5.44, for debian-linux-gnu (armv7l)
--
-- Host: localhost    Database: panacea
-- ------------------------------------------------------
-- Server version	5.5.44-0+deb8u1

/*!40101 SET @OLD_CHARACTER_SET_CLIENT=@@CHARACTER_SET_CLIENT */;
/*!40101 SET @OLD_CHARACTER_SET_RESULTS=@@CHARACTER_SET_RESULTS */;
/*!40101 SET @OLD_COLLATION_CONNECTION=@@COLLATION_CONNECTION */;
/*!40101 SET NAMES utf8 */;
/*!40103 SET @OLD_TIME_ZONE=@@TIME_ZONE */;
/*!40103 SET TIME_ZONE='+00:00' */;
/*!40014 SET @OLD_UNIQUE_CHECKS=@@UNIQUE_CHECKS, UNIQUE_CHECKS=0 */;
/*!40014 SET @OLD_FOREIGN_KEY_CHECKS=@@FOREIGN_KEY_CHECKS, FOREIGN_KEY_CHECKS=0 */;
/*!40101 SET @OLD_SQL_MODE=@@SQL_MODE, SQL_MODE='NO_AUTO_VALUE_ON_ZERO' */;
/*!40111 SET @OLD_SQL_NOTES=@@SQL_NOTES, SQL_NOTES=0 */;

--
-- Current Database: `panacea`
--

CREATE DATABASE /*!32312 IF NOT EXISTS*/ `panacea` /*!40100 DEFAULT CHARACTER SET utf8 */;

USE `panacea`;

--
-- Table structure for table `admin`
--

DROP TABLE IF EXISTS `admin`;
/*!40101 SET @saved_cs_client     = @@character_set_client */;
/*!40101 SET character_set_client = utf8 */;
CREATE TABLE `admin` (
  `fname` varchar(30) NOT NULL,
  `lname` varchar(30) NOT NULL,
  `email` varchar(100) NOT NULL,
  PRIMARY KEY (`email`),
  UNIQUE KEY `email` (`email`)
) ENGINE=InnoDB DEFAULT CHARSET=utf8;
/*!40101 SET character_set_client = @saved_cs_client */;

--
-- Dumping data for table `admin`
--

LOCK TABLES `admin` WRITE;
/*!40000 ALTER TABLE `admin` DISABLE KEYS */;
INSERT INTO `admin` VALUES ('Hao','He','1034923740@qq.com'),('Prasad','Calyam','calyamp@missouri.edu'),('Neeley','Current','currentn@missouri.edu'),('Kendall','Park','darkidder@gmail.com'),('Information','Experience Lab','demirf@missouri.edu'),('Demo','User','demo@panaceascloud.com'),('Duo','Jiang','dj963@mail.missouri.edu'),('Doug','Walton','dwalton@howardcountymd.gov'),('Dewayne','Wilson','dwilson@angelems.net'),('John','Gillis','gillisj@missouri.edu'),('Kenneth','Haggerty','kchyt7@mail.missouri.edu'),('','Atiso','keaww4@mail.missouri.edu'),('Olivia','Apperson','oamr6@mail.missouri.edu'),('','','ocapperson@hotmail.com'),('Rui','Huang','rh4m8@mail.missouri.edu'),('shahzaade','cannon','shahzaade95@yahoo.com'),('Test','User','test@panaceascloud.com'),('Vanessa','Adams','veatzd@mail.missouri.edu');
/*!40000 ALTER TABLE `admin` ENABLE KEYS */;
UNLOCK TABLES;

--
-- Table structure for table `admin_login`
--

DROP TABLE IF EXISTS `admin_login`;
/*!40101 SET @saved_cs_client     = @@character_set_client */;
/*!40101 SET character_set_client = utf8 */;
CREATE TABLE `admin_login` (
  `hashed_pass` char(40) NOT NULL,
  `salt` char(40) NOT NULL,
  `email` varchar(100) NOT NULL,
  UNIQUE KEY `email` (`email`),
  CONSTRAINT `admin_login_ibfk_1` FOREIGN KEY (`email`) REFERENCES `admin` (`email`) ON DELETE CASCADE ON UPDATE CASCADE
) ENGINE=InnoDB DEFAULT CHARSET=utf8;
/*!40101 SET character_set_client = @saved_cs_client */;

--
-- Dumping data for table `admin_login`
--

LOCK TABLES `admin_login` WRITE;
/*!40000 ALTER TABLE `admin_login` DISABLE KEYS */;
INSERT INTO `admin_login` VALUES ('230f7e6e2c4adcbfda1f09bc5a96ac9c6effb7c2','','demo@panaceascloud.com'),('b059b5f9d00ed3a623b6f810516002682cf06fb3','','oamr6@mail.missouri.edu');
/*!40000 ALTER TABLE `admin_login` ENABLE KEYS */;
UNLOCK TABLES;

--
-- Table structure for table `beacons`
--

DROP TABLE IF EXISTS `beacons`;
/*!40101 SET @saved_cs_client     = @@character_set_client */;
/*!40101 SET character_set_client = utf8 */;
CREATE TABLE `beacons` (
  `id` int(11) unsigned NOT NULL AUTO_INCREMENT,
  `MAC_Address` varchar(30) NOT NULL DEFAULT '',
  PRIMARY KEY (`id`)
) ENGINE=InnoDB AUTO_INCREMENT=12 DEFAULT CHARSET=utf8;
/*!40101 SET character_set_client = @saved_cs_client */;

--
-- Dumping data for table `beacons`
--

LOCK TABLES `beacons` WRITE;
/*!40000 ALTER TABLE `beacons` DISABLE KEYS */;
INSERT INTO `beacons` VALUES (1,'CA:57:B1:21:EB:88'),(2,'C2:F4:C8:A1:58:FA'),(3,'F5:20:01:B5:DD:40'),(4,'E7:47:AC:9A:48:97'),(5,'E9:21:9D:4C:0E:E5'),(6,'EB:74:1C:B3:24:A2'),(7,'E5:6C:24:4C:DB:8C'),(8,'D7:47:64:8E:06:C8'),(9,'CA:28:6D:32:5A:FF'),(10,'C6:17:04:01:6B:7A'),(11,'CE:66:FB:8F:24:1F');
/*!40000 ALTER TABLE `beacons` ENABLE KEYS */;
UNLOCK TABLES;

--
-- Table structure for table `incidents`
--

DROP TABLE IF EXISTS `incidents`;
/*!40101 SET @saved_cs_client     = @@character_set_client */;
/*!40101 SET character_set_client = utf8 */;
CREATE TABLE `incidents` (
  `I_ID` int(11) NOT NULL AUTO_INCREMENT,
  `type` varchar(40) NOT NULL,
  `name` varchar(100) NOT NULL,
  `description` varchar(1000) NOT NULL,
  `mission_stmt` varchar(1000) NOT NULL,
  `status` varchar(100) NOT NULL,
  `time` datetime NOT NULL,
  PRIMARY KEY (`I_ID`)
) ENGINE=InnoDB AUTO_INCREMENT=7 DEFAULT CHARSET=utf8;
/*!40101 SET character_set_client = @saved_cs_client */;

--
-- Dumping data for table `incidents`
--

LOCK TABLES `incidents` WRITE;
/*!40000 ALTER TABLE `incidents` DISABLE KEYS */;
INSERT INTO `incidents` VALUES (1,'Real Incident','Big Fire','Terrible  flood','Mission is completed','Running','2015-09-18 11:30:00'),(2,'Real Incident','Robbery','Robbery in Memorial Union','Mission is completed','Completed','2015-09-24 22:25:00'),(3,'Exercise/Drill','Traffic Accident','Small case in front of EBW','Mission is waiting','Waiting','2015-09-16 06:30:00'),(5,'Exercise/Drill','Tornado','Just a drill','Mission is running','Running','2015-09-24 14:35:00'),(6,'Real Incident','London Hall Roof Collapse','London Hall had the roof collapse in on it.','Mission is running','Running','2016-03-01 01:07:23');
/*!40000 ALTER TABLE `incidents` ENABLE KEYS */;
UNLOCK TABLES;

--
-- Table structure for table `notifications`
--

DROP TABLE IF EXISTS `notifications`;
/*!40101 SET @saved_cs_client     = @@character_set_client */;
/*!40101 SET character_set_client = utf8 */;
CREATE TABLE `notifications` (
  `id` int(11) NOT NULL AUTO_INCREMENT,
  `type` varchar(50) NOT NULL,
  `content` varchar(400) NOT NULL DEFAULT '',
  `time` timestamp NOT NULL DEFAULT CURRENT_TIMESTAMP ON UPDATE CURRENT_TIMESTAMP,
  `sender` varchar(100) NOT NULL DEFAULT '',
  `receiver` varchar(100) NOT NULL DEFAULT '',
  `status` int(11) NOT NULL DEFAULT '1',
  PRIMARY KEY (`id`)
) ENGINE=InnoDB AUTO_INCREMENT=133 DEFAULT CHARSET=utf8;
/*!40101 SET character_set_client = @saved_cs_client */;

--
-- Dumping data for table `notifications`
--

LOCK TABLES `notifications` WRITE;
/*!40000 ALTER TABLE `notifications` DISABLE KEYS */;
INSERT INTO `notifications` VALUES (96,'Messages','Big Fire in Jesse Hall','2015-11-10 20:48:35','Olivia Apperson','DuoJiang',0),(97,'Messages','Earch Quake Evacuation','2015-11-10 20:48:40','Olivia Apperson','DuoJiang',0),(104,'Messages','Small Fire on campus','2015-11-10 20:45:48','Olivia Apperson','DuoJiang',0),(105,'Messages','Nice setup.  First time I got to play with it.','2015-11-10 20:49:31','Olivia Apperson','DuoJiang',0),(111,'Messages','Please Submit Report','2015-11-10 20:48:05','Olivia Apperson','DuoJiang',0),(123,'Messages','adfasdfasdfaf','2015-09-22 22:25:26','Olivia Apperson','OliviaApperson',0),(124,'Messages','Nice setup.  First time I got to play with it.\r\n\r\nSAhmad','2015-10-01 17:02:29','Olivia Apperson','OliviaApperson',0),(125,'Messages','Nice setup.  First time I got to play with it.\r\n\r\nSAhmad','2015-10-06 20:44:55','Olivia Apperson','OliviaApperson',0),(127,'Messages','Nice setup.  First time I got to play with it.\r\n\r\nSAhmad','0000-00-00 00:00:00','Olivia Apperson','OliviaApperson',0),(128,'Messages','1111','2015-12-08 21:03:19','Duo Jiang','DuoJiang',0),(129,'Messages','test','2016-02-15 16:24:48','Information Experience Lab','InformationExperience Lab',1),(130,'Messages','For Tuesday, your work shift changed from 3-11pm to 6am - 4pm','2016-03-14 10:31:43','Demo User','duojiang',1),(131,'Messages','Please send 4 staff to London Hall STAT','2016-03-15 15:35:09','Demo User','DemoUser',1),(132,'Messages','prepare for 3 pt class 2, , 1 class 3, 4 class 4 acutity. to ed ','2016-03-25 15:14:29','Demo User','university hospital director',1);
/*!40000 ALTER TABLE `notifications` ENABLE KEYS */;
UNLOCK TABLES;

--
-- Table structure for table `patients`
--

DROP TABLE IF EXISTS `patients`;
/*!40101 SET @saved_cs_client     = @@character_set_client */;
/*!40101 SET character_set_client = utf8 */;
CREATE TABLE `patients` (
  `P_ID` int(11) unsigned NOT NULL AUTO_INCREMENT,
  `I_ID` int(11) DEFAULT NULL,
  `incidentName` varchar(100) DEFAULT NULL,
  `status` varchar(100) DEFAULT NULL,
  `statusImmediate` varchar(11) DEFAULT NULL,
  `pCondition` varchar(100) DEFAULT NULL,
  `pName` varchar(100) DEFAULT NULL,
  `pFirstName` varchar(100) DEFAULT NULL,
  `pLastName` varchar(100) DEFAULT NULL,
  `gender` varchar(10) DEFAULT NULL,
  `age` int(11) DEFAULT NULL,
  `address` varchar(100) DEFAULT NULL,
  `mobile` varchar(100) DEFAULT NULL,
  `Staff_ID` varchar(11) DEFAULT NULL,
  `Beacon_ID` int(11) DEFAULT NULL,
  PRIMARY KEY (`P_ID`)
) ENGINE=InnoDB AUTO_INCREMENT=45 DEFAULT CHARSET=utf8;
/*!40101 SET character_set_client = @saved_cs_client */;

--
-- Dumping data for table `patients`
--

LOCK TABLES `patients` WRITE;
/*!40000 ALTER TABLE `patients` DISABLE KEYS */;
INSERT INTO `patients` VALUES (1,1,'Flood','MINOR','None','Not bad','Ben Smith','Ben','Smith','Unknown',35,'','','R1',NULL),(2,1,'Flood','IMMEDIATE','None','Not good','Susan Johnson','Susan','Johnson','Unknown',100,'UMC','573-1234-2345','R1',NULL),(3,2,'Robbery','MINOR','None','Not good','Mike Williams','Mike','Williams','Male',19,'UMC','573-1234-6789',NULL,NULL),(4,3,'Traffic Accident','MINOR','None','broken arm','Teddy Jones','Teddy','Jones','Male',44,'','',NULL,2),(37,6,'London Hall Roof Collapse','IMMEDIATE','None','left clavicle fx','Sandra Jones','Sandra','Jones','Female',20,'','',NULL,4),(40,6,'London Hall Roof Collapse','DELAYED','None','Broken Leg','John  Doe','John ','Doe','Male',35,'','',NULL,1),(41,6,'London Hall Roof Collapse','IMMEDIATE','R','large R chest wound, diminished B sounds on R, likely needs Chest Tube','RIck Atkins','RIck','Atkins','Male',40,'','',NULL,3),(42,6,'London Hall Roof Collapse','DELAYED','None','L clavicle injury, o/w stable','Susan Thompson','Susan','Thompson','Female',0,'','',NULL,5),(43,6,'London Hall Roof Collapse','IMMEDIATE','None','head la 110 bp stable  tachycerations. breath sounds diminished on right side.  wound over right che','atkins ','atkins','','Unknown',40,'','',NULL,6),(44,6,'London Hall Roof Collapse','IMMEDIATE','None','bruising over right clavicle,  possible fx, vss  awake alert and oriented.','susan  thompson','susan ','thompson','Female',20,'','',NULL,7);
/*!40000 ALTER TABLE `patients` ENABLE KEYS */;
UNLOCK TABLES;

--
-- Table structure for table `sessions`
--

DROP TABLE IF EXISTS `sessions`;
/*!40101 SET @saved_cs_client     = @@character_set_client */;
/*!40101 SET character_set_client = utf8 */;
CREATE TABLE `sessions` (
  `userId` int(20) NOT NULL,
  `sessionHash` varchar(20) NOT NULL,
  `lastSeen` date NOT NULL,
  PRIMARY KEY (`userId`),
  UNIQUE KEY `userId` (`userId`)
) ENGINE=InnoDB DEFAULT CHARSET=utf8;
/*!40101 SET character_set_client = @saved_cs_client */;

--
-- Dumping data for table `sessions`
--

LOCK TABLES `sessions` WRITE;
/*!40000 ALTER TABLE `sessions` DISABLE KEYS */;
INSERT INTO `sessions` VALUES (3,'1235','2015-09-23');
/*!40000 ALTER TABLE `sessions` ENABLE KEYS */;
UNLOCK TABLES;

--
-- Table structure for table `supplies`
--

DROP TABLE IF EXISTS `supplies`;
/*!40101 SET @saved_cs_client     = @@character_set_client */;
/*!40101 SET character_set_client = utf8 */;
CREATE TABLE `supplies` (
  `id_s` int(11) NOT NULL AUTO_INCREMENT,
  `supply_Name` varchar(45) NOT NULL,
  `supply_Count` int(11) NOT NULL,
  `warning_Count` varchar(45) NOT NULL,
  PRIMARY KEY (`id_s`)
) ENGINE=InnoDB DEFAULT CHARSET=utf8;
/*!40101 SET character_set_client = @saved_cs_client */;

--
-- Dumping data for table `supplies`
--

LOCK TABLES `supplies` WRITE;
/*!40000 ALTER TABLE `supplies` DISABLE KEYS */;
/*!40000 ALTER TABLE `supplies` ENABLE KEYS */;
UNLOCK TABLES;

--
-- Table structure for table `temppatients_locations`
--

DROP TABLE IF EXISTS `temppatients_locations`;
/*!40101 SET @saved_cs_client     = @@character_set_client */;
/*!40101 SET character_set_client = utf8 */;
CREATE TABLE `temppatients_locations` (
  `id` int(11) unsigned NOT NULL AUTO_INCREMENT,
  `P_ID` int(11) NOT NULL,
  `location_lng` float NOT NULL,
  `location_lat` float NOT NULL,
  `time` timestamp NOT NULL DEFAULT CURRENT_TIMESTAMP,
  PRIMARY KEY (`id`)
) ENGINE=InnoDB AUTO_INCREMENT=2538 DEFAULT CHARSET=utf8;
/*!40101 SET character_set_client = @saved_cs_client */;

--
-- Dumping data for table `temppatients_locations`
--

LOCK TABLES `temppatients_locations` WRITE;
/*!40000 ALTER TABLE `temppatients_locations` DISABLE KEYS */;
INSERT INTO `temppatients_locations` VALUES (1,1,-92.3243,38.9478,'2016-02-17 13:33:16'),(2,2,-92.3207,38.941,'2016-02-17 13:34:22'),(3,1,-92.3292,38.9423,'2016-02-17 13:35:22'),(4,2,-92.3212,38.9436,'2016-02-17 13:36:22'),(5,1,-92.3284,38.9447,'2016-02-17 13:37:22'),(6,2,-92.3225,38.9493,'2016-02-17 13:38:22'),(7,1,-92.3267,38.9481,'2016-02-17 13:39:22'),(8,2,-92.3252,38.9463,'2016-02-17 13:40:22'),(9,1,-92.3238,38.9472,'2016-02-17 13:41:22'),(10,2,-92.3244,38.9455,'2016-02-17 13:42:22'),(11,6,-92.3258,38.9487,'2016-02-23 13:42:22'),(12,8,-92.3223,38.9467,'2016-02-23 13:43:22'),(13,6,-92.3221,38.9479,'2016-02-23 13:44:22'),(14,8,-92.329,38.9432,'2016-02-23 13:45:22'),(15,24,-92.3044,38.9678,'2016-03-24 19:53:11'),(16,24,-92.3044,38.9678,'2016-03-24 19:53:17'),(17,24,-92.3045,38.9678,'2016-03-24 19:53:26'),(18,24,-92.3044,38.9678,'2016-03-24 19:53:30'),(19,24,-92.3044,38.9678,'2016-03-24 19:53:36'),(20,24,-92.3044,38.9678,'2016-03-24 19:55:29'),(21,24,-92.3044,38.9678,'2016-03-24 19:55:35'),(22,24,-92.3044,38.9678,'2016-03-24 20:31:45'),(23,24,-92.3044,38.9678,'2016-03-24 20:31:51'),(24,24,-92.3044,38.9678,'2016-03-24 20:50:34'),(25,24,-92.3044,38.9678,'2016-03-24 20:50:40'),(26,24,-92.3045,38.9678,'2016-03-24 20:50:46'),(27,24,-92.3043,38.9678,'2016-03-24 21:28:04'),(28,24,-92.3043,38.9678,'2016-03-24 21:28:59'),(29,24,-92.3044,38.9678,'2016-03-24 21:29:02'),(30,24,-92.3044,38.9679,'2016-03-24 21:29:38'),(31,24,-92.3044,38.9679,'2016-03-24 21:29:44'),(32,24,-92.3043,38.9678,'2016-03-24 21:43:48'),(33,24,-92.3043,38.9679,'2016-03-24 21:43:49'),(34,24,-92.3044,38.9679,'2016-03-24 21:44:13'),(35,24,-92.3044,38.9679,'2016-03-24 21:44:19'),(36,24,-92.3043,38.9678,'2016-03-24 21:45:45'),(37,24,-92.3043,38.9678,'2016-03-24 21:46:04'),(38,24,-92.3044,38.9678,'2016-03-24 21:46:54'),(39,24,-92.3044,38.9678,'2016-03-24 21:47:15'),(40,24,-92.3044,38.9678,'2016-03-24 21:49:35'),(41,24,-92.3044,38.9678,'2016-03-24 21:49:41'),(42,24,-92.3044,38.9678,'2016-03-24 21:50:35'),(43,24,-92.3044,38.9678,'2016-03-24 21:50:42'),(44,24,-92.3044,38.9678,'2016-03-24 21:50:51'),(45,24,-92.3043,38.9678,'2016-03-24 21:52:00'),(46,24,-92.3044,38.9678,'2016-03-24 21:53:45'),(47,24,-92.3044,38.9678,'2016-03-24 21:53:51'),(48,24,-92.3043,38.9678,'2016-03-24 21:53:56'),(49,24,-92.3044,38.9678,'2016-03-24 21:53:57'),(50,24,-92.3043,38.9678,'2016-03-24 21:55:02'),(51,24,-92.3043,38.9678,'2016-03-24 21:55:08'),(52,24,-92.3044,38.9678,'2016-03-24 21:55:35'),(53,24,-92.3043,38.9678,'2016-03-24 21:55:37'),(54,24,-92.3044,38.9678,'2016-03-24 21:55:45'),(55,24,-92.3044,38.9678,'2016-03-24 21:56:15'),(56,24,-92.3044,38.9678,'2016-03-24 21:56:21'),(57,24,-92.3044,38.9678,'2016-03-24 21:56:35'),(58,24,-92.3044,38.9677,'2016-03-24 21:58:32'),(59,24,-92.3044,38.9678,'2016-03-24 21:58:38'),(60,24,-92.3043,38.9679,'2016-03-24 22:00:55'),(61,24,-92.3042,38.9679,'2016-03-24 22:01:01'),(62,24,-92.3042,38.9679,'2016-03-24 22:01:07'),(63,24,-92.3043,38.9678,'2016-03-24 22:02:39'),(64,24,-92.3043,38.9678,'2016-03-24 22:03:27'),(65,24,-92.3043,38.9679,'2016-03-24 22:03:33'),(66,24,-92.3043,38.9678,'2016-03-24 22:04:34'),(67,24,-92.3044,38.9678,'2016-03-24 22:09:01'),(68,24,-92.3044,38.9678,'2016-03-24 22:09:07'),(69,24,-92.3044,38.9678,'2016-03-24 22:09:32'),(70,24,-92.3044,38.9678,'2016-03-24 22:09:38'),(71,24,-92.3044,38.9678,'2016-03-24 22:09:44'),(72,24,-92.3044,38.9678,'2016-03-24 22:09:52'),(73,24,-92.3043,38.9678,'2016-03-24 22:16:12'),(74,24,-92.3043,38.9678,'2016-03-24 22:16:18'),(75,24,-92.3043,38.9678,'2016-03-24 22:17:06'),(76,24,-92.3043,38.9678,'2016-03-24 22:17:12'),(77,24,-92.3044,38.9678,'2016-03-24 22:18:50'),(78,24,-92.3045,38.9677,'2016-03-24 22:18:56'),(79,24,-92.3044,38.9677,'2016-03-24 22:19:35'),(80,24,-92.3044,38.9678,'2016-03-24 22:23:18'),(81,24,-92.3044,38.9678,'2016-03-24 22:25:20'),(82,24,-92.3043,38.9678,'2016-03-24 22:25:21'),(83,24,-92.3043,38.9678,'2016-03-24 22:25:26'),(84,24,-92.3044,38.9678,'2016-03-24 22:25:33'),(85,24,-92.3044,38.9678,'2016-03-24 22:29:57'),(86,24,-92.3045,38.9679,'2016-03-24 22:32:14'),(87,24,-92.3044,38.9679,'2016-03-24 22:32:20'),(88,24,-92.3304,38.9457,'2016-03-28 11:47:15'),(89,24,-92.3314,38.9453,'2016-03-28 11:47:20'),(90,24,-92.3313,38.9454,'2016-03-28 11:47:27'),(91,24,-92.3314,38.9451,'2016-03-28 11:47:33'),(92,24,-92.3315,38.9443,'2016-03-28 11:47:39'),(93,24,-92.3304,38.9457,'2016-03-28 11:48:05'),(94,24,-92.3313,38.9453,'2016-03-28 11:50:35'),(95,24,-92.3313,38.9453,'2016-03-28 12:01:46'),(96,24,-92.3312,38.9457,'2016-03-28 12:02:36'),(97,25,-92.324,38.9443,'2016-04-15 13:07:06'),(98,4,-92.324,38.9443,'2016-04-15 13:07:06'),(99,25,-92.3241,38.945,'2016-04-15 13:07:14'),(100,4,-92.3241,38.945,'2016-04-15 13:07:14'),(101,4,-92.3242,38.9449,'2016-04-15 13:07:19'),(102,25,-92.3242,38.9449,'2016-04-15 13:07:19'),(103,4,-92.3239,38.9448,'2016-04-15 13:07:25'),(104,25,-92.3239,38.9448,'2016-04-15 13:07:25'),(105,25,-92.3238,38.9449,'2016-04-15 13:07:31'),(106,4,-92.3238,38.9449,'2016-04-15 13:07:31'),(107,4,-92.3235,38.9449,'2016-04-15 13:07:37'),(108,4,-92.3242,38.9452,'2016-04-15 13:07:43'),(109,4,-92.324,38.9448,'2016-04-15 13:07:49'),(110,25,-92.324,38.9448,'2016-04-15 13:07:49'),(111,25,-92.324,38.945,'2016-04-15 13:07:56'),(112,4,-92.324,38.945,'2016-04-15 13:07:56'),(113,25,-92.3239,38.945,'2016-04-15 13:08:01'),(114,4,-92.3239,38.945,'2016-04-15 13:08:01'),(115,25,-92.3238,38.9453,'2016-04-15 13:08:07'),(116,25,-92.3237,38.9454,'2016-04-15 13:08:14'),(117,4,-92.3237,38.9454,'2016-04-15 13:08:14'),(118,25,-92.3238,38.9455,'2016-04-15 13:08:20'),(119,4,-92.3238,38.9455,'2016-04-15 13:08:20'),(120,4,-92.3239,38.9453,'2016-04-15 13:08:25'),(121,25,-92.3239,38.9453,'2016-04-15 13:08:25'),(122,4,-92.3239,38.9453,'2016-04-15 13:08:31'),(123,25,-92.3239,38.9453,'2016-04-15 13:08:31'),(124,25,-92.3242,38.9455,'2016-04-15 13:08:38'),(125,4,-92.3242,38.9455,'2016-04-15 13:08:38'),(126,25,-92.3247,38.9463,'2016-04-15 13:08:43'),(127,4,-92.3247,38.9463,'2016-04-15 13:08:43'),(128,4,-92.3251,38.9473,'2016-04-15 13:08:49'),(129,25,-92.3251,38.9473,'2016-04-15 13:08:49'),(130,25,-92.3238,38.945,'2016-04-15 13:09:16'),(131,4,-92.3238,38.945,'2016-04-15 13:09:16'),(132,25,-92.3241,38.9448,'2016-04-15 13:09:23'),(133,4,-92.3241,38.9448,'2016-04-15 13:09:23'),(134,25,-92.324,38.9449,'2016-04-15 13:09:30'),(135,4,-92.324,38.9449,'2016-04-15 13:09:30'),(136,25,-92.3239,38.9448,'2016-04-15 13:09:35'),(137,4,-92.3239,38.9448,'2016-04-15 13:09:35'),(138,4,-92.3236,38.945,'2016-04-15 13:09:41'),(139,25,-92.3236,38.945,'2016-04-15 13:09:41'),(140,4,-92.324,38.9447,'2016-04-15 13:09:48'),(141,25,-92.324,38.9447,'2016-04-15 13:09:48'),(142,4,-92.324,38.9447,'2016-04-15 13:09:54'),(143,25,-92.324,38.9447,'2016-04-15 13:09:54'),(144,4,-92.324,38.9447,'2016-04-15 13:09:59'),(145,25,-92.324,38.9447,'2016-04-15 13:09:59'),(146,4,-92.3239,38.9447,'2016-04-15 13:10:08'),(147,25,-92.3239,38.9447,'2016-04-15 13:10:08'),(148,4,-92.324,38.9447,'2016-04-15 13:10:12'),(149,25,-92.324,38.9447,'2016-04-15 13:10:12'),(150,4,-92.324,38.9447,'2016-04-15 13:10:17'),(151,25,-92.324,38.9447,'2016-04-15 13:10:17'),(152,25,-92.324,38.9446,'2016-04-15 13:10:24'),(153,4,-92.324,38.9446,'2016-04-15 13:10:24'),(154,25,-92.324,38.9446,'2016-04-15 13:10:30'),(155,4,-92.324,38.9446,'2016-04-15 13:10:30'),(156,25,-92.324,38.9446,'2016-04-15 13:10:35'),(157,4,-92.324,38.9446,'2016-04-15 13:10:35'),(158,25,-92.3241,38.9445,'2016-04-15 13:10:42'),(159,25,-92.3241,38.9445,'2016-04-15 13:10:47'),(160,4,-92.3241,38.9445,'2016-04-15 13:10:56'),(161,25,-92.3241,38.9445,'2016-04-15 13:11:02'),(162,4,-92.3241,38.9445,'2016-04-15 13:11:02'),(163,4,-92.3241,38.9445,'2016-04-15 13:11:09'),(164,4,-92.3241,38.9446,'2016-04-15 13:11:14'),(165,25,-92.3241,38.9446,'2016-04-15 13:11:14'),(166,25,-92.3241,38.9445,'2016-04-15 13:11:21'),(167,4,-92.3241,38.9445,'2016-04-15 13:11:21'),(168,4,-92.3241,38.9445,'2016-04-15 13:11:26'),(169,4,-92.3241,38.9445,'2016-04-15 13:11:32'),(170,25,-92.3242,38.9443,'2016-04-15 13:11:39'),(171,4,-92.3242,38.9443,'2016-04-15 13:11:39'),(172,25,-92.3242,38.9445,'2016-04-15 13:11:46'),(173,4,-92.3242,38.9445,'2016-04-15 13:11:46'),(174,25,-92.3241,38.9446,'2016-04-15 13:11:50'),(175,4,-92.3241,38.9446,'2016-04-15 13:11:50'),(176,4,-92.3241,38.9445,'2016-04-15 13:11:57'),(177,25,-92.3241,38.9445,'2016-04-15 13:11:57'),(178,25,-92.324,38.9444,'2016-04-15 13:12:03'),(179,4,-92.324,38.9444,'2016-04-15 13:12:03'),(180,25,-92.324,38.9445,'2016-04-15 13:12:08'),(181,4,-92.324,38.9445,'2016-04-15 13:12:08'),(182,4,-92.3241,38.9445,'2016-04-15 13:12:15'),(183,25,-92.3241,38.9445,'2016-04-15 13:12:15'),(184,4,-92.3242,38.9446,'2016-04-15 13:12:21'),(185,25,-92.3242,38.9446,'2016-04-15 13:12:21'),(186,4,-92.3242,38.9446,'2016-04-15 13:12:28'),(187,25,-92.3242,38.9446,'2016-04-15 13:12:28'),(188,4,-92.3242,38.9447,'2016-04-15 13:12:32'),(189,25,-92.3241,38.9454,'2016-04-15 13:12:39'),(190,4,-92.3241,38.9454,'2016-04-15 13:12:39'),(191,4,-92.3237,38.9452,'2016-04-15 13:12:45'),(192,25,-92.324,38.9448,'2016-04-15 13:12:50'),(193,4,-92.324,38.9448,'2016-04-15 13:12:50'),(194,25,-92.3241,38.9448,'2016-04-15 13:12:57'),(195,4,-92.3241,38.9448,'2016-04-15 13:12:57'),(196,25,-92.324,38.9448,'2016-04-15 13:13:03'),(197,4,-92.324,38.9448,'2016-04-15 13:13:03'),(198,25,-92.3241,38.9449,'2016-04-15 13:13:08'),(199,4,-92.3241,38.9449,'2016-04-15 13:13:08'),(200,4,-92.3245,38.9445,'2016-04-15 13:13:15'),(201,25,-92.3245,38.9445,'2016-04-15 13:13:15'),(202,4,-92.3243,38.9444,'2016-04-15 13:13:21'),(203,25,-92.3243,38.9444,'2016-04-15 13:13:21'),(204,4,-92.3242,38.9444,'2016-04-15 13:13:59'),(205,25,-92.3242,38.9444,'2016-04-15 13:13:59'),(206,25,-92.3235,38.9437,'2016-04-15 13:14:05'),(207,4,-92.3235,38.9437,'2016-04-15 13:14:05'),(208,25,-92.3243,38.9448,'2016-04-15 13:14:14'),(209,4,-92.3243,38.9448,'2016-04-15 13:14:14'),(210,25,-92.324,38.9448,'2016-04-15 13:14:18'),(211,4,-92.324,38.9448,'2016-04-15 13:14:18'),(212,25,-92.3238,38.9444,'2016-04-15 13:14:22'),(213,4,-92.3238,38.9444,'2016-04-15 13:14:22'),(214,25,-92.3232,38.944,'2016-04-15 13:14:29'),(215,4,-92.3232,38.944,'2016-04-15 13:14:29'),(216,4,-92.3234,38.9432,'2016-04-15 13:14:35'),(217,25,-92.3234,38.9432,'2016-04-15 13:14:35'),(218,4,-92.3242,38.9446,'2016-04-15 13:14:39'),(219,25,-92.3242,38.9446,'2016-04-15 13:14:39'),(220,25,-92.3245,38.9448,'2016-04-15 13:14:58'),(221,4,-92.3245,38.9448,'2016-04-15 13:14:58'),(222,25,-92.3241,38.9445,'2016-04-15 13:15:04'),(223,4,-92.3241,38.9445,'2016-04-15 13:15:04'),(224,25,-92.3241,38.9445,'2016-04-15 13:15:27'),(225,25,-92.324,38.9441,'2016-04-15 13:15:34'),(226,4,-92.324,38.9441,'2016-04-15 13:15:34'),(227,25,-92.3242,38.9446,'2016-04-15 13:15:38'),(228,4,-92.3242,38.9446,'2016-04-15 13:15:38'),(229,25,-92.3235,38.9436,'2016-04-15 13:15:40'),(230,4,-92.3235,38.9436,'2016-04-15 13:15:40'),(231,25,-92.3229,38.9432,'2016-04-15 13:15:46'),(232,4,-92.3229,38.9432,'2016-04-15 13:15:46'),(233,25,-92.3235,38.9437,'2016-04-15 13:15:59'),(234,4,-92.3235,38.9437,'2016-04-15 13:15:59'),(235,25,-92.3237,38.9441,'2016-04-15 13:16:06'),(236,4,-92.3237,38.9441,'2016-04-15 13:16:06'),(237,4,-92.3236,38.9444,'2016-04-15 13:16:11'),(238,25,-92.324,38.9444,'2016-04-15 13:16:22'),(239,4,-92.324,38.9444,'2016-04-15 13:16:22'),(240,25,-92.3241,38.9445,'2016-04-15 13:16:29'),(241,4,-92.3241,38.9445,'2016-04-15 13:16:29'),(242,25,-92.3242,38.9446,'2016-04-15 13:16:34'),(243,4,-92.3242,38.9446,'2016-04-15 13:16:34'),(244,25,-92.3241,38.9445,'2016-04-15 13:16:36'),(245,4,-92.3241,38.9445,'2016-04-15 13:16:36'),(246,25,-92.3242,38.9446,'2016-04-15 13:16:40'),(247,4,-92.3242,38.9446,'2016-04-15 13:16:40'),(248,25,-92.324,38.9447,'2016-04-15 13:16:46'),(249,4,-92.324,38.9447,'2016-04-15 13:16:46'),(250,25,-92.324,38.9445,'2016-04-15 13:16:52'),(251,4,-92.324,38.9445,'2016-04-15 13:16:52'),(252,25,-92.3241,38.9447,'2016-04-15 13:16:58'),(253,4,-92.3241,38.9447,'2016-04-15 13:16:58'),(254,25,-92.3244,38.9446,'2016-04-15 13:17:04'),(255,4,-92.3244,38.9446,'2016-04-15 13:17:04'),(256,25,-92.3242,38.9447,'2016-04-15 13:17:10'),(257,4,-92.3242,38.9447,'2016-04-15 13:17:10'),(258,25,-92.3244,38.9448,'2016-04-15 13:17:17'),(259,4,-92.3244,38.9448,'2016-04-15 13:17:17'),(260,25,-92.3245,38.9449,'2016-04-15 13:17:23'),(261,4,-92.3245,38.9449,'2016-04-15 13:17:23'),(262,25,-92.3242,38.9446,'2016-04-15 13:17:27'),(263,4,-92.3242,38.9446,'2016-04-15 13:17:27'),(264,25,-92.3248,38.9449,'2016-04-15 13:17:29'),(265,4,-92.3248,38.9449,'2016-04-15 13:17:29'),(266,25,-92.3245,38.9448,'2016-04-15 13:17:35'),(267,4,-92.3245,38.9448,'2016-04-15 13:17:35'),(268,25,-92.3243,38.9448,'2016-04-15 13:17:40'),(269,4,-92.3243,38.9448,'2016-04-15 13:17:40'),(270,25,-92.3241,38.9447,'2016-04-15 13:17:47'),(271,4,-92.3241,38.9447,'2016-04-15 13:17:47'),(272,25,-92.324,38.9446,'2016-04-15 13:17:52'),(273,4,-92.324,38.9446,'2016-04-15 13:17:52'),(274,25,-92.3239,38.9446,'2016-04-15 13:17:58'),(275,4,-92.3239,38.9446,'2016-04-15 13:17:58'),(276,25,-92.324,38.9446,'2016-04-15 13:18:05'),(277,4,-92.324,38.9446,'2016-04-15 13:18:05'),(278,25,-92.324,38.9446,'2016-04-15 13:18:10'),(279,4,-92.324,38.9446,'2016-04-15 13:18:10'),(280,25,-92.324,38.9446,'2016-04-15 13:18:17'),(281,4,-92.324,38.9446,'2016-04-15 13:18:17'),(282,25,-92.3242,38.9446,'2016-04-15 13:18:18'),(283,4,-92.3242,38.9446,'2016-04-15 13:18:18'),(284,25,-92.324,38.9446,'2016-04-15 13:18:23'),(285,4,-92.324,38.9446,'2016-04-15 13:18:23'),(286,25,-92.324,38.9446,'2016-04-15 13:18:29'),(287,4,-92.324,38.9446,'2016-04-15 13:18:29'),(288,25,-92.324,38.9446,'2016-04-15 13:18:34'),(289,4,-92.324,38.9446,'2016-04-15 13:18:34'),(290,25,-92.324,38.9441,'2016-04-15 13:18:40'),(291,4,-92.324,38.9441,'2016-04-15 13:18:40'),(292,25,-92.3241,38.9438,'2016-04-15 13:18:46'),(293,4,-92.3241,38.9438,'2016-04-15 13:18:46'),(294,25,-92.3241,38.944,'2016-04-15 13:18:52'),(295,4,-92.3241,38.944,'2016-04-15 13:18:52'),(296,25,-92.3241,38.9443,'2016-04-15 13:18:58'),(297,4,-92.3241,38.9443,'2016-04-15 13:18:58'),(298,25,-92.3242,38.9444,'2016-04-15 13:19:06'),(299,4,-92.3242,38.9444,'2016-04-15 13:19:06'),(300,25,-92.3242,38.9446,'2016-04-15 13:19:08'),(301,4,-92.3242,38.9446,'2016-04-15 13:19:08'),(302,25,-92.324,38.9445,'2016-04-15 13:19:10'),(303,4,-92.324,38.9445,'2016-04-15 13:19:10'),(304,25,-92.324,38.9446,'2016-04-15 13:19:17'),(305,4,-92.324,38.9446,'2016-04-15 13:19:17'),(306,25,-92.3242,38.9448,'2016-04-15 13:19:22'),(307,4,-92.3242,38.9448,'2016-04-15 13:19:22'),(308,25,-92.3242,38.9447,'2016-04-15 13:19:29'),(309,4,-92.3242,38.9447,'2016-04-15 13:19:29'),(310,25,-92.3242,38.9447,'2016-04-15 13:19:35'),(311,4,-92.3242,38.9447,'2016-04-15 13:19:35'),(312,25,-92.3242,38.9448,'2016-04-15 13:19:41'),(313,4,-92.3242,38.9448,'2016-04-15 13:19:41'),(314,25,-92.3242,38.9448,'2016-04-15 13:19:46'),(315,4,-92.3242,38.9448,'2016-04-15 13:19:46'),(316,25,-92.3241,38.945,'2016-04-15 13:19:52'),(317,4,-92.3241,38.945,'2016-04-15 13:19:52'),(318,25,-92.3244,38.9451,'2016-04-15 13:19:58'),(319,4,-92.3244,38.9451,'2016-04-15 13:19:58'),(320,25,-92.3242,38.9446,'2016-04-15 13:19:59'),(321,4,-92.3242,38.9446,'2016-04-15 13:19:59'),(322,25,-92.3244,38.9449,'2016-04-15 13:20:05'),(323,4,-92.3244,38.9449,'2016-04-15 13:20:05'),(324,25,-92.3242,38.9448,'2016-04-15 13:20:11'),(325,4,-92.3242,38.9448,'2016-04-15 13:20:11'),(326,25,-92.3242,38.9447,'2016-04-15 13:20:16'),(327,4,-92.3242,38.9447,'2016-04-15 13:20:16'),(328,25,-92.3241,38.9446,'2016-04-15 13:20:22'),(329,4,-92.3241,38.9446,'2016-04-15 13:20:22'),(330,25,-92.3241,38.9447,'2016-04-15 13:20:28'),(331,4,-92.3241,38.9447,'2016-04-15 13:20:28'),(332,25,-92.3242,38.9447,'2016-04-15 13:20:34'),(333,4,-92.3242,38.9447,'2016-04-15 13:20:34'),(334,25,-92.3244,38.9445,'2016-04-15 13:20:40'),(335,4,-92.3244,38.9445,'2016-04-15 13:20:40'),(336,25,-92.3242,38.9445,'2016-04-15 13:20:47'),(337,4,-92.3242,38.9445,'2016-04-15 13:20:47'),(338,25,-92.3242,38.9446,'2016-04-15 13:20:50'),(339,4,-92.3242,38.9446,'2016-04-15 13:20:50'),(340,25,-92.3242,38.9446,'2016-04-15 13:20:52'),(341,4,-92.3242,38.9446,'2016-04-15 13:20:52'),(342,25,-92.3243,38.9445,'2016-04-15 13:20:58'),(343,4,-92.3243,38.9445,'2016-04-15 13:20:58'),(344,25,-92.3242,38.9445,'2016-04-15 13:21:05'),(345,4,-92.3242,38.9445,'2016-04-15 13:21:05'),(346,25,-92.3241,38.9446,'2016-04-15 13:21:10'),(347,4,-92.3241,38.9446,'2016-04-15 13:21:10'),(348,25,-92.3242,38.9446,'2016-04-15 13:21:16'),(349,4,-92.3242,38.9446,'2016-04-15 13:21:16'),(350,25,-92.3242,38.9444,'2016-04-15 13:21:22'),(351,4,-92.3242,38.9444,'2016-04-15 13:21:22'),(352,25,-92.3242,38.9445,'2016-04-15 13:21:29'),(353,4,-92.3242,38.9445,'2016-04-15 13:21:29'),(354,25,-92.3241,38.9446,'2016-04-15 13:21:35'),(355,4,-92.3241,38.9446,'2016-04-15 13:21:35'),(356,25,-92.3242,38.9446,'2016-04-15 13:21:40'),(357,4,-92.3242,38.9446,'2016-04-15 13:21:40'),(358,25,-92.3241,38.9446,'2016-04-15 13:21:41'),(359,4,-92.3241,38.9446,'2016-04-15 13:21:41'),(360,25,-92.3241,38.9446,'2016-04-15 13:21:47'),(361,4,-92.3241,38.9446,'2016-04-15 13:21:47'),(362,25,-92.3241,38.9448,'2016-04-15 13:21:52'),(363,4,-92.3241,38.9448,'2016-04-15 13:21:52'),(364,25,-92.3249,38.9444,'2016-04-15 13:21:58'),(365,4,-92.3249,38.9444,'2016-04-15 13:21:58'),(366,25,-92.3256,38.9443,'2016-04-15 13:22:05'),(367,4,-92.3256,38.9443,'2016-04-15 13:22:05'),(368,25,-92.3255,38.9449,'2016-04-15 13:22:10'),(369,4,-92.3255,38.9449,'2016-04-15 13:22:10'),(370,25,-92.3243,38.9445,'2016-04-15 13:22:16'),(371,4,-92.3243,38.9445,'2016-04-15 13:22:16'),(372,25,-92.3244,38.9444,'2016-04-15 13:22:22'),(373,4,-92.3244,38.9444,'2016-04-15 13:22:22'),(374,25,-92.3242,38.9445,'2016-04-15 13:22:28'),(375,4,-92.3242,38.9445,'2016-04-15 13:22:28'),(376,25,-92.3242,38.9446,'2016-04-15 13:22:31'),(377,4,-92.3242,38.9446,'2016-04-15 13:22:31'),(378,25,-92.3242,38.9445,'2016-04-15 13:22:34'),(379,4,-92.3242,38.9445,'2016-04-15 13:22:34'),(380,25,-92.3241,38.9443,'2016-04-15 13:22:41'),(381,4,-92.3241,38.9443,'2016-04-15 13:22:41'),(382,25,-92.3242,38.9444,'2016-04-15 13:22:47'),(383,4,-92.3242,38.9444,'2016-04-15 13:22:47'),(384,25,-92.3241,38.9445,'2016-04-15 13:22:59'),(385,4,-92.3241,38.9445,'2016-04-15 13:22:59'),(386,25,-92.3239,38.9452,'2016-04-15 13:22:59'),(387,4,-92.3239,38.9452,'2016-04-15 13:22:59'),(388,25,-92.3242,38.946,'2016-04-15 13:23:04'),(389,4,-92.3242,38.946,'2016-04-15 13:23:04'),(390,25,-92.3251,38.9464,'2016-04-15 13:23:11'),(391,4,-92.3251,38.9464,'2016-04-15 13:23:11'),(392,25,-92.325,38.946,'2016-04-15 13:23:16'),(393,4,-92.325,38.946,'2016-04-15 13:23:16'),(394,25,-92.3242,38.9446,'2016-04-15 13:23:21'),(395,4,-92.3242,38.9446,'2016-04-15 13:23:21'),(396,25,-92.3242,38.9447,'2016-04-15 13:23:22'),(397,4,-92.3242,38.9447,'2016-04-15 13:23:22'),(398,25,-92.3249,38.9442,'2016-04-15 13:23:29'),(399,4,-92.3249,38.9442,'2016-04-15 13:23:29'),(400,25,-92.3241,38.9445,'2016-04-15 13:23:34'),(401,4,-92.3241,38.9445,'2016-04-15 13:23:34'),(402,25,-92.3239,38.9445,'2016-04-15 13:23:40'),(403,4,-92.3239,38.9445,'2016-04-15 13:23:40'),(404,25,-92.3242,38.9443,'2016-04-15 13:23:47'),(405,4,-92.3242,38.9443,'2016-04-15 13:23:47'),(406,25,-92.3242,38.9444,'2016-04-15 13:23:52'),(407,4,-92.3242,38.9444,'2016-04-15 13:23:52'),(408,25,-92.324,38.9445,'2016-04-15 13:23:59'),(409,4,-92.324,38.9445,'2016-04-15 13:23:59'),(410,4,-92.3241,38.9445,'2016-04-15 13:24:04'),(411,25,-92.3243,38.9445,'2016-04-15 13:24:11'),(412,4,-92.3243,38.9445,'2016-04-15 13:24:11'),(413,25,-92.3242,38.9446,'2016-04-15 13:24:12'),(414,4,-92.3242,38.9446,'2016-04-15 13:24:12'),(415,25,-92.3241,38.9445,'2016-04-15 13:24:17'),(416,4,-92.3241,38.9445,'2016-04-15 13:24:17'),(417,25,-92.3239,38.9446,'2016-04-15 13:24:23'),(418,4,-92.3239,38.9446,'2016-04-15 13:24:23'),(419,25,-92.3242,38.9445,'2016-04-15 13:24:29'),(420,4,-92.3242,38.9445,'2016-04-15 13:24:29'),(421,25,-92.3242,38.9444,'2016-04-15 13:24:35'),(422,4,-92.3242,38.9444,'2016-04-15 13:24:35'),(423,25,-92.3239,38.9446,'2016-04-15 13:24:41'),(424,4,-92.3239,38.9446,'2016-04-15 13:24:41'),(425,25,-92.3238,38.945,'2016-04-15 13:24:47'),(426,4,-92.3238,38.945,'2016-04-15 13:24:47'),(427,25,-92.3238,38.945,'2016-04-15 13:24:52'),(428,4,-92.3238,38.945,'2016-04-15 13:24:52'),(429,25,-92.3241,38.9449,'2016-04-15 13:24:59'),(430,4,-92.3241,38.9449,'2016-04-15 13:24:59'),(431,25,-92.3242,38.9446,'2016-04-15 13:25:03'),(432,4,-92.3242,38.9446,'2016-04-15 13:25:03'),(433,25,-92.3246,38.9449,'2016-04-15 13:25:05'),(434,4,-92.3246,38.9449,'2016-04-15 13:25:05'),(435,25,-92.3248,38.9444,'2016-04-15 13:25:10'),(436,4,-92.3248,38.9444,'2016-04-15 13:25:10'),(437,25,-92.3247,38.9446,'2016-04-15 13:25:16'),(438,4,-92.3247,38.9446,'2016-04-15 13:25:16'),(439,25,-92.3242,38.9448,'2016-04-15 13:25:22'),(440,4,-92.3242,38.9448,'2016-04-15 13:25:22'),(441,25,-92.3246,38.9448,'2016-04-15 13:25:28'),(442,4,-92.3246,38.9448,'2016-04-15 13:25:28'),(443,25,-92.3252,38.9447,'2016-04-15 13:25:34'),(444,4,-92.3252,38.9447,'2016-04-15 13:25:34'),(445,25,-92.3243,38.9446,'2016-04-15 13:25:40'),(446,4,-92.3243,38.9446,'2016-04-15 13:25:40'),(447,25,-92.3242,38.9446,'2016-04-15 13:25:46'),(448,4,-92.3242,38.9446,'2016-04-15 13:25:46'),(449,25,-92.3247,38.9444,'2016-04-15 13:25:53'),(450,4,-92.3247,38.9444,'2016-04-15 13:25:53'),(451,25,-92.3242,38.9446,'2016-04-15 13:25:53'),(452,4,-92.3242,38.9446,'2016-04-15 13:25:53'),(453,25,-92.3241,38.9444,'2016-04-15 13:25:58'),(454,4,-92.3241,38.9444,'2016-04-15 13:25:58'),(455,25,-92.3235,38.9444,'2016-04-15 13:26:04'),(456,4,-92.3235,38.9444,'2016-04-15 13:26:04'),(457,25,-92.3242,38.9437,'2016-04-15 13:26:10'),(458,4,-92.3242,38.9437,'2016-04-15 13:26:10'),(459,25,-92.3241,38.9441,'2016-04-15 13:26:16'),(460,4,-92.3241,38.9441,'2016-04-15 13:26:16'),(461,25,-92.3238,38.9444,'2016-04-15 13:26:22'),(462,4,-92.3238,38.9444,'2016-04-15 13:26:22'),(463,25,-92.3235,38.9441,'2016-04-15 13:26:29'),(464,4,-92.3235,38.9441,'2016-04-15 13:26:29'),(465,25,-92.3236,38.9443,'2016-04-15 13:26:35'),(466,4,-92.3236,38.9443,'2016-04-15 13:26:35'),(467,25,-92.3237,38.9447,'2016-04-15 13:26:40'),(468,4,-92.3237,38.9447,'2016-04-15 13:26:40'),(469,25,-92.3242,38.9446,'2016-04-15 13:26:44'),(470,4,-92.3242,38.9446,'2016-04-15 13:26:44'),(471,25,-92.324,38.9449,'2016-04-15 13:26:46'),(472,4,-92.324,38.9449,'2016-04-15 13:26:46'),(473,25,-92.3244,38.9445,'2016-04-15 13:26:52'),(474,4,-92.3244,38.9445,'2016-04-15 13:26:52'),(475,25,-92.3239,38.9445,'2016-04-15 13:26:59'),(476,4,-92.3239,38.9445,'2016-04-15 13:26:59'),(477,25,-92.3238,38.9445,'2016-04-15 13:27:05'),(478,4,-92.3238,38.9445,'2016-04-15 13:27:05'),(479,25,-92.3244,38.9442,'2016-04-15 13:27:10'),(480,4,-92.3244,38.9442,'2016-04-15 13:27:10'),(481,25,-92.3242,38.9443,'2016-04-15 13:27:17'),(482,4,-92.3242,38.9443,'2016-04-15 13:27:17'),(483,25,-92.324,38.9444,'2016-04-15 13:27:22'),(484,4,-92.324,38.9444,'2016-04-15 13:27:22'),(485,25,-92.3241,38.9442,'2016-04-15 13:27:28'),(486,4,-92.3241,38.9442,'2016-04-15 13:27:28'),(487,25,-92.3245,38.9446,'2016-04-15 13:27:34'),(488,4,-92.3245,38.9446,'2016-04-15 13:27:34'),(489,25,-92.3242,38.9446,'2016-04-15 13:27:35'),(490,4,-92.3242,38.9446,'2016-04-15 13:27:35'),(491,25,-92.3243,38.9448,'2016-04-15 13:27:40'),(492,4,-92.3243,38.9448,'2016-04-15 13:27:40'),(493,25,-92.324,38.9449,'2016-04-15 13:27:46'),(494,25,-92.3243,38.9439,'2016-04-15 13:27:52'),(495,4,-92.3243,38.9439,'2016-04-15 13:27:52'),(496,25,-92.3241,38.9442,'2016-04-15 13:27:59'),(497,4,-92.3241,38.9442,'2016-04-15 13:27:59'),(498,25,-92.3239,38.9446,'2016-04-15 13:28:04'),(499,4,-92.3239,38.9446,'2016-04-15 13:28:04'),(500,25,-92.3242,38.9445,'2016-04-15 13:28:11'),(501,4,-92.3242,38.9445,'2016-04-15 13:28:11'),(502,25,-92.3239,38.9445,'2016-04-15 13:28:17'),(503,4,-92.3239,38.9445,'2016-04-15 13:28:17'),(504,25,-92.3239,38.9445,'2016-04-15 13:28:22'),(505,4,-92.3239,38.9445,'2016-04-15 13:28:22'),(506,25,-92.3242,38.9446,'2016-04-15 13:28:26'),(507,4,-92.3242,38.9446,'2016-04-15 13:28:26'),(508,25,-92.3245,38.9445,'2016-04-15 13:28:28'),(509,4,-92.3245,38.9445,'2016-04-15 13:28:28'),(510,25,-92.3256,38.945,'2016-04-15 13:28:35'),(511,4,-92.3256,38.945,'2016-04-15 13:28:35'),(512,25,-92.3268,38.9462,'2016-04-15 13:28:40'),(513,4,-92.3268,38.9462,'2016-04-15 13:28:40'),(514,25,-92.325,38.9447,'2016-04-15 13:28:46'),(515,4,-92.325,38.9447,'2016-04-15 13:28:46'),(516,25,-92.3259,38.9444,'2016-04-15 13:28:52'),(517,4,-92.3259,38.9444,'2016-04-15 13:28:52'),(518,25,-92.3241,38.9445,'2016-04-15 13:28:59'),(519,4,-92.3241,38.9445,'2016-04-15 13:28:59'),(520,25,-92.3241,38.9447,'2016-04-15 13:29:04'),(521,4,-92.3241,38.9447,'2016-04-15 13:29:04'),(522,25,-92.3242,38.9447,'2016-04-15 13:29:11'),(523,4,-92.3242,38.9447,'2016-04-15 13:29:11'),(524,25,-92.3242,38.9446,'2016-04-15 13:29:16'),(525,4,-92.3242,38.9446,'2016-04-15 13:29:16'),(526,25,-92.3241,38.9446,'2016-04-15 13:29:22'),(527,4,-92.3241,38.9446,'2016-04-15 13:29:22'),(528,25,-92.324,38.9448,'2016-04-15 13:29:23'),(529,4,-92.324,38.9448,'2016-04-15 13:29:23'),(530,25,-92.3243,38.9448,'2016-04-15 13:29:28'),(531,4,-92.3243,38.9448,'2016-04-15 13:29:28'),(532,25,-92.3256,38.9449,'2016-04-15 13:29:34'),(533,4,-92.3256,38.9449,'2016-04-15 13:29:34'),(534,25,-92.3261,38.9451,'2016-04-15 13:29:41'),(535,4,-92.3261,38.9451,'2016-04-15 13:29:41'),(536,25,-92.3242,38.9449,'2016-04-15 13:29:46'),(537,4,-92.3242,38.9449,'2016-04-15 13:29:46'),(538,25,-92.3241,38.945,'2016-04-15 13:29:52'),(539,4,-92.3241,38.945,'2016-04-15 13:29:52'),(540,4,-92.3241,38.945,'2016-04-15 13:29:58'),(541,4,-92.3241,38.945,'2016-04-15 13:30:04'),(542,4,-92.3241,38.9449,'2016-04-15 13:30:10'),(543,4,-92.3242,38.9446,'2016-04-15 13:30:12'),(544,4,-92.3241,38.9449,'2016-04-15 13:30:16'),(545,25,-92.3241,38.9448,'2016-04-15 13:30:22'),(546,4,-92.3241,38.9448,'2016-04-15 13:30:22'),(547,25,-92.3241,38.9448,'2016-04-15 13:30:28'),(548,4,-92.3241,38.9448,'2016-04-15 13:30:28'),(549,25,-92.3241,38.9447,'2016-04-15 13:30:35'),(550,4,-92.3241,38.9447,'2016-04-15 13:30:35'),(551,25,-92.3241,38.9447,'2016-04-15 13:30:40'),(552,4,-92.3241,38.9447,'2016-04-15 13:30:40'),(553,25,-92.3241,38.9447,'2016-04-15 13:30:46'),(554,4,-92.3241,38.9447,'2016-04-15 13:30:46'),(555,25,-92.324,38.9448,'2016-04-15 13:30:52'),(556,4,-92.324,38.9448,'2016-04-15 13:30:52'),(557,25,-92.324,38.9448,'2016-04-15 13:30:58'),(558,4,-92.324,38.9448,'2016-04-15 13:30:58'),(559,25,-92.3242,38.9446,'2016-04-15 13:31:03'),(560,4,-92.3242,38.9446,'2016-04-15 13:31:03'),(561,25,-92.324,38.9445,'2016-04-15 13:31:31'),(562,4,-92.324,38.9445,'2016-04-15 13:31:31'),(563,25,-92.324,38.9445,'2016-04-15 13:31:39'),(564,4,-92.324,38.9445,'2016-04-15 13:31:39'),(565,25,-92.3241,38.9445,'2016-04-15 13:31:45'),(566,4,-92.3241,38.9445,'2016-04-15 13:31:45'),(567,25,-92.3241,38.9445,'2016-04-15 13:31:51'),(568,4,-92.3241,38.9445,'2016-04-15 13:31:51'),(569,25,-92.3242,38.9446,'2016-04-15 13:31:55'),(570,4,-92.3242,38.9446,'2016-04-15 13:31:55'),(571,25,-92.3238,38.9445,'2016-04-15 13:31:57'),(572,4,-92.3238,38.9445,'2016-04-15 13:31:57'),(573,25,-92.3238,38.9447,'2016-04-15 13:32:03'),(574,4,-92.3238,38.9447,'2016-04-15 13:32:03'),(575,25,-92.3238,38.9447,'2016-04-15 13:32:08'),(576,4,-92.3238,38.9447,'2016-04-15 13:32:08'),(577,25,-92.3235,38.9444,'2016-04-15 13:32:15'),(578,4,-92.3235,38.9444,'2016-04-15 13:32:15'),(579,4,-92.3236,38.9448,'2016-04-15 13:32:21'),(580,25,-92.3238,38.9448,'2016-04-15 13:32:26'),(581,4,-92.3238,38.9448,'2016-04-15 13:32:26'),(582,25,-92.3242,38.945,'2016-04-15 13:32:33'),(583,4,-92.3242,38.945,'2016-04-15 13:32:33'),(584,25,-92.3247,38.9454,'2016-04-15 13:32:40'),(585,4,-92.3247,38.9454,'2016-04-15 13:32:40'),(586,25,-92.3246,38.9456,'2016-04-15 13:32:45'),(587,4,-92.3246,38.9456,'2016-04-15 13:32:45'),(588,25,-92.3242,38.9446,'2016-04-15 13:32:45'),(589,4,-92.3242,38.9446,'2016-04-15 13:32:45'),(590,25,-92.3241,38.9448,'2016-04-15 13:32:50'),(591,4,-92.3241,38.9448,'2016-04-15 13:32:50'),(592,25,-92.3235,38.9443,'2016-04-15 13:32:56'),(593,4,-92.3235,38.9443,'2016-04-15 13:32:56'),(594,25,-92.3235,38.9447,'2016-04-15 13:33:03'),(595,4,-92.3235,38.9447,'2016-04-15 13:33:03'),(596,4,-92.3239,38.9446,'2016-04-15 13:33:08'),(597,25,-92.3241,38.9445,'2016-04-15 13:33:14'),(598,4,-92.3241,38.9445,'2016-04-15 13:33:14'),(599,25,-92.3245,38.9446,'2016-04-15 13:33:20'),(600,4,-92.3245,38.9446,'2016-04-15 13:33:20'),(601,25,-92.3242,38.9447,'2016-04-15 13:33:26'),(602,4,-92.3242,38.9447,'2016-04-15 13:33:26'),(603,25,-92.3242,38.9447,'2016-04-15 13:33:32'),(604,4,-92.3242,38.9447,'2016-04-15 13:33:32'),(605,25,-92.3242,38.9446,'2016-04-15 13:33:36'),(606,4,-92.3242,38.9446,'2016-04-15 13:33:36'),(607,25,-92.3251,38.9444,'2016-04-15 13:33:39'),(608,4,-92.3251,38.9444,'2016-04-15 13:33:39'),(609,25,-92.3249,38.9449,'2016-04-15 13:33:45'),(610,25,-92.3247,38.9449,'2016-04-15 13:33:50'),(611,4,-92.3247,38.9449,'2016-04-15 13:33:50'),(612,25,-92.3251,38.9448,'2016-04-15 13:33:59'),(613,4,-92.3251,38.9448,'2016-04-15 13:33:59'),(614,25,-92.3241,38.9443,'2016-04-15 13:34:05'),(615,4,-92.3241,38.9443,'2016-04-15 13:34:05'),(616,25,-92.3241,38.9446,'2016-04-15 13:34:12'),(617,4,-92.3241,38.9446,'2016-04-15 13:34:12'),(618,25,-92.3236,38.9442,'2016-04-15 13:34:18'),(619,4,-92.3236,38.9442,'2016-04-15 13:34:18'),(620,25,-92.324,38.9444,'2016-04-15 13:34:23'),(621,4,-92.324,38.9444,'2016-04-15 13:34:23'),(622,25,-92.3242,38.9446,'2016-04-15 13:34:27'),(623,4,-92.3242,38.9446,'2016-04-15 13:34:27'),(624,25,-92.324,38.9444,'2016-04-15 13:34:29'),(625,4,-92.324,38.9444,'2016-04-15 13:34:29'),(626,25,-92.3238,38.9442,'2016-04-15 13:34:35'),(627,4,-92.3238,38.9442,'2016-04-15 13:34:35'),(628,25,-92.3241,38.9448,'2016-04-15 13:34:42'),(629,4,-92.3241,38.9448,'2016-04-15 13:34:42'),(630,25,-92.3242,38.9449,'2016-04-15 13:34:47'),(631,4,-92.3242,38.9449,'2016-04-15 13:34:47'),(632,25,-92.3242,38.9448,'2016-04-15 13:34:54'),(633,4,-92.3242,38.9448,'2016-04-15 13:34:54'),(634,4,-92.3241,38.9448,'2016-04-15 13:35:00'),(635,25,-92.3241,38.9448,'2016-04-15 13:35:06'),(636,4,-92.3241,38.9448,'2016-04-15 13:35:06'),(637,25,-92.3241,38.9448,'2016-04-15 13:35:12'),(638,4,-92.3241,38.9448,'2016-04-15 13:35:12'),(639,25,-92.3235,38.9448,'2016-04-15 13:35:17'),(640,4,-92.3235,38.9448,'2016-04-15 13:35:17'),(641,25,-92.3242,38.9446,'2016-04-15 13:35:18'),(642,4,-92.3242,38.9446,'2016-04-15 13:35:18'),(643,25,-92.3238,38.9447,'2016-04-15 13:35:23'),(644,4,-92.3238,38.9447,'2016-04-15 13:35:23'),(645,25,-92.3239,38.9449,'2016-04-15 13:35:29'),(646,4,-92.3239,38.9449,'2016-04-15 13:35:29'),(647,25,-92.3239,38.9448,'2016-04-15 13:35:36'),(648,4,-92.3239,38.9448,'2016-04-15 13:35:36'),(649,25,-92.324,38.9448,'2016-04-15 13:35:41'),(650,4,-92.324,38.9448,'2016-04-15 13:35:41'),(651,25,-92.3241,38.9448,'2016-04-15 13:35:47'),(652,4,-92.3241,38.9448,'2016-04-15 13:35:47'),(653,25,-92.3241,38.9447,'2016-04-15 13:35:56'),(654,4,-92.3241,38.9447,'2016-04-15 13:35:56'),(655,25,-92.3241,38.9448,'2016-04-15 13:35:59'),(656,4,-92.3241,38.9448,'2016-04-15 13:35:59'),(657,25,-92.3241,38.9448,'2016-04-15 13:36:05'),(658,4,-92.3241,38.9448,'2016-04-15 13:36:05'),(659,25,-92.3242,38.9446,'2016-04-15 13:36:08'),(660,4,-92.3242,38.9446,'2016-04-15 13:36:08'),(661,25,-92.324,38.9447,'2016-04-15 13:36:11'),(662,4,-92.324,38.9447,'2016-04-15 13:36:11'),(663,25,-92.324,38.9443,'2016-04-15 13:36:17'),(664,4,-92.324,38.9443,'2016-04-15 13:36:17'),(665,25,-92.3236,38.944,'2016-04-15 13:36:32'),(666,4,-92.3236,38.944,'2016-04-15 13:36:32'),(667,25,-92.3231,38.9437,'2016-04-15 13:36:34'),(668,4,-92.3231,38.9437,'2016-04-15 13:36:34'),(669,25,-92.3236,38.9453,'2016-04-15 13:36:36'),(670,4,-92.3236,38.9453,'2016-04-15 13:36:36'),(671,25,-92.3239,38.945,'2016-04-15 13:36:42'),(672,4,-92.3239,38.945,'2016-04-15 13:36:42'),(673,25,-92.3238,38.9447,'2016-04-15 13:36:47'),(674,25,-92.3236,38.9448,'2016-04-15 13:36:54'),(675,4,-92.3242,38.9446,'2016-04-15 13:36:59'),(676,4,-92.3239,38.9448,'2016-04-15 13:37:00'),(677,25,-92.3239,38.9448,'2016-04-15 13:37:05'),(678,4,-92.3239,38.9448,'2016-04-15 13:37:05'),(679,4,-92.3239,38.9447,'2016-04-15 13:37:11'),(680,25,-92.3239,38.9447,'2016-04-15 13:37:11'),(681,4,-92.3239,38.9446,'2016-04-15 13:37:18'),(682,25,-92.3239,38.9446,'2016-04-15 13:37:18'),(683,25,-92.3242,38.9446,'2016-04-15 13:37:50'),(684,25,-92.3242,38.9449,'2016-04-15 13:37:54'),(685,25,-92.324,38.9446,'2016-04-15 13:38:17'),(686,25,-92.324,38.9446,'2016-04-15 13:38:27'),(687,4,-92.324,38.9446,'2016-04-15 13:38:27'),(688,4,-92.324,38.9447,'2016-04-15 13:38:33'),(689,25,-92.324,38.9447,'2016-04-15 13:38:33'),(690,25,-92.324,38.9447,'2016-04-15 13:38:39'),(691,4,-92.324,38.9447,'2016-04-15 13:38:39'),(692,25,-92.3242,38.9446,'2016-04-15 13:38:44'),(693,4,-92.3242,38.9446,'2016-04-15 13:38:44'),(694,25,-92.3239,38.9447,'2016-04-15 13:38:45'),(695,4,-92.3239,38.9447,'2016-04-15 13:38:45'),(696,25,-92.3234,38.9453,'2016-04-15 13:38:51'),(697,4,-92.3234,38.9453,'2016-04-15 13:38:51'),(698,4,-92.324,38.9448,'2016-04-15 13:38:57'),(699,25,-92.324,38.9448,'2016-04-15 13:38:57'),(700,4,-92.3239,38.9446,'2016-04-15 13:39:03'),(701,25,-92.3239,38.9446,'2016-04-15 13:39:03'),(702,25,-92.324,38.9447,'2016-04-15 13:39:09'),(703,4,-92.324,38.9447,'2016-04-15 13:39:09'),(704,4,-92.3243,38.9449,'2016-04-15 13:39:15'),(705,25,-92.3243,38.9449,'2016-04-15 13:39:15'),(706,25,-92.3243,38.9449,'2016-04-15 13:39:22'),(707,4,-92.3244,38.9447,'2016-04-15 13:39:27'),(708,4,-92.3245,38.9447,'2016-04-15 13:39:33'),(709,4,-92.3242,38.9446,'2016-04-15 13:39:34'),(710,4,-92.3245,38.9446,'2016-04-15 13:39:39'),(711,25,-92.3247,38.9447,'2016-04-15 13:39:45'),(712,25,-92.3243,38.9446,'2016-04-15 13:39:51'),(713,4,-92.324,38.9445,'2016-04-15 13:39:57'),(714,4,-92.324,38.9451,'2016-04-15 13:40:44'),(715,25,-92.324,38.9451,'2016-04-15 13:40:44'),(716,4,-92.324,38.9446,'2016-04-15 13:40:50'),(717,25,-92.324,38.9446,'2016-04-15 13:40:50'),(718,25,-92.3239,38.9446,'2016-04-15 13:40:56'),(719,4,-92.3239,38.9446,'2016-04-15 13:40:56'),(720,25,-92.324,38.9446,'2016-04-15 13:41:03'),(721,4,-92.324,38.9446,'2016-04-15 13:41:03'),(722,25,-92.324,38.9447,'2016-04-15 13:41:09'),(723,4,-92.324,38.9447,'2016-04-15 13:41:09'),(724,25,-92.324,38.9446,'2016-04-15 13:41:14'),(725,4,-92.324,38.9446,'2016-04-15 13:41:14'),(726,25,-92.3242,38.9446,'2016-04-15 13:41:17'),(727,4,-92.3242,38.9446,'2016-04-15 13:41:17'),(728,25,-92.324,38.9446,'2016-04-15 13:41:21'),(729,4,-92.324,38.9446,'2016-04-15 13:41:21'),(730,25,-92.3241,38.9448,'2016-04-15 13:41:28'),(731,4,-92.3241,38.9448,'2016-04-15 13:41:28'),(732,25,-92.3241,38.9447,'2016-04-15 13:41:33'),(733,4,-92.3241,38.9447,'2016-04-15 13:41:33'),(734,25,-92.3242,38.9448,'2016-04-15 13:41:40'),(735,25,-92.3241,38.9448,'2016-04-15 13:41:45'),(736,25,-92.3241,38.9448,'2016-04-15 13:41:51'),(737,4,-92.3241,38.9448,'2016-04-15 13:41:51'),(738,4,-92.3242,38.9448,'2016-04-15 13:41:57'),(739,25,-92.3242,38.9448,'2016-04-15 13:41:57'),(740,4,-92.3237,38.9445,'2016-04-15 13:42:03'),(741,25,-92.3237,38.9445,'2016-04-15 13:42:03'),(742,4,-92.3242,38.9446,'2016-04-15 13:42:08'),(743,25,-92.3242,38.9446,'2016-04-15 13:42:08'),(744,4,-92.3236,38.9445,'2016-04-15 13:42:10'),(745,25,-92.3236,38.9445,'2016-04-15 13:42:10'),(746,4,-92.3236,38.9449,'2016-04-15 13:42:15'),(747,25,-92.3236,38.9449,'2016-04-15 13:42:15'),(748,4,-92.324,38.9443,'2016-04-15 13:42:21'),(749,25,-92.324,38.9443,'2016-04-15 13:42:21'),(750,4,-92.324,38.9444,'2016-04-15 13:42:27'),(751,25,-92.324,38.9444,'2016-04-15 13:42:27'),(752,4,-92.324,38.9445,'2016-04-15 13:42:33'),(753,25,-92.324,38.9445,'2016-04-15 13:42:33'),(754,25,-92.3241,38.9446,'2016-04-15 13:42:39'),(755,4,-92.3241,38.9446,'2016-04-15 13:42:45'),(756,25,-92.3241,38.9446,'2016-04-15 13:42:45'),(757,4,-92.3241,38.9447,'2016-04-15 13:42:53'),(758,25,-92.3241,38.9447,'2016-04-15 13:42:53'),(759,4,-92.3241,38.9448,'2016-04-15 13:42:57'),(760,4,-92.3242,38.9446,'2016-04-15 13:42:59'),(761,4,-92.3234,38.9445,'2016-04-15 13:43:03'),(762,25,-92.3234,38.9445,'2016-04-15 13:43:03'),(763,4,-92.3226,38.9441,'2016-04-15 13:43:09'),(764,25,-92.3226,38.9441,'2016-04-15 13:43:09'),(765,4,-92.324,38.9448,'2016-04-15 13:43:15'),(766,25,-92.324,38.9448,'2016-04-15 13:43:15'),(767,4,-92.324,38.9446,'2016-04-15 13:43:21'),(768,25,-92.324,38.9446,'2016-04-15 13:43:21'),(769,4,-92.324,38.9446,'2016-04-15 13:43:27'),(770,25,-92.324,38.9446,'2016-04-15 13:43:27'),(771,4,-92.324,38.9446,'2016-04-15 13:43:38'),(772,25,-92.324,38.9446,'2016-04-15 13:43:38'),(773,4,-92.324,38.9446,'2016-04-15 13:43:45'),(774,25,-92.324,38.9446,'2016-04-15 13:43:45'),(775,4,-92.3242,38.9446,'2016-04-15 13:43:49'),(776,25,-92.3242,38.9446,'2016-04-15 13:43:49'),(777,4,-92.324,38.9446,'2016-04-15 13:43:51'),(778,25,-92.324,38.9446,'2016-04-15 13:43:51'),(779,4,-92.324,38.9446,'2016-04-15 13:43:59'),(780,25,-92.324,38.9446,'2016-04-15 13:43:59'),(781,4,-92.324,38.9446,'2016-04-15 13:44:10'),(782,25,-92.324,38.9446,'2016-04-15 13:44:10'),(783,4,-92.324,38.9447,'2016-04-15 13:44:16'),(784,25,-92.324,38.9447,'2016-04-15 13:44:16'),(785,4,-92.324,38.9445,'2016-04-15 13:44:22'),(786,25,-92.324,38.9445,'2016-04-15 13:44:22'),(787,4,-92.324,38.9443,'2016-04-15 13:44:28'),(788,25,-92.324,38.9443,'2016-04-15 13:44:28'),(789,4,-92.324,38.9444,'2016-04-15 13:44:34'),(790,25,-92.324,38.9444,'2016-04-15 13:44:34'),(791,4,-92.324,38.9445,'2016-04-15 13:44:40'),(792,25,-92.324,38.9445,'2016-04-15 13:44:40'),(793,4,-92.3242,38.9446,'2016-04-15 13:44:41'),(794,25,-92.3242,38.9446,'2016-04-15 13:44:41'),(795,4,-92.3239,38.9445,'2016-04-15 13:44:46'),(796,25,-92.3239,38.9445,'2016-04-15 13:44:46'),(797,4,-92.3239,38.9445,'2016-04-15 13:44:52'),(798,25,-92.3239,38.9445,'2016-04-15 13:44:52'),(799,4,-92.3239,38.9445,'2016-04-15 13:44:59'),(800,25,-92.3239,38.9445,'2016-04-15 13:44:59'),(801,4,-92.3237,38.9443,'2016-04-15 13:45:06'),(802,25,-92.3237,38.9443,'2016-04-15 13:45:06'),(803,4,-92.3239,38.9443,'2016-04-15 13:45:12'),(804,25,-92.3239,38.9443,'2016-04-15 13:45:12'),(805,4,-92.324,38.9444,'2016-04-15 13:45:17'),(806,25,-92.324,38.9444,'2016-04-15 13:45:17'),(807,25,-92.3236,38.9445,'2016-04-15 13:45:23'),(808,25,-92.3234,38.9446,'2016-04-15 13:45:29'),(809,25,-92.3242,38.9446,'2016-04-15 13:45:32'),(810,4,-92.3237,38.9447,'2016-04-15 13:45:35'),(811,25,-92.3237,38.9447,'2016-04-15 13:45:35'),(812,4,-92.3239,38.9447,'2016-04-15 13:45:42'),(813,25,-92.3239,38.9447,'2016-04-15 13:45:42'),(814,4,-92.3239,38.9445,'2016-04-15 13:45:47'),(815,25,-92.3239,38.9445,'2016-04-15 13:45:47'),(816,4,-92.3239,38.9446,'2016-04-15 13:45:53'),(817,25,-92.3239,38.9446,'2016-04-15 13:45:53'),(818,4,-92.324,38.9447,'2016-04-15 13:45:59'),(819,25,-92.324,38.9447,'2016-04-15 13:45:59'),(820,4,-92.324,38.9442,'2016-04-15 13:46:05'),(821,25,-92.324,38.9442,'2016-04-15 13:46:05'),(822,25,-92.324,38.9444,'2016-04-15 13:46:11'),(823,4,-92.3241,38.9444,'2016-04-15 13:46:17'),(824,25,-92.3241,38.9444,'2016-04-15 13:46:17'),(825,4,-92.3242,38.9446,'2016-04-15 13:46:23'),(826,25,-92.3242,38.9446,'2016-04-15 13:46:23'),(827,4,-92.3239,38.9442,'2016-04-15 13:46:26'),(828,25,-92.3239,38.9442,'2016-04-15 13:46:26'),(829,4,-92.324,38.9437,'2016-04-15 13:46:29'),(830,25,-92.324,38.9437,'2016-04-15 13:46:29'),(831,4,-92.3239,38.9447,'2016-04-15 13:46:41'),(832,25,-92.3239,38.9447,'2016-04-15 13:46:41'),(833,4,-92.3237,38.9448,'2016-04-15 13:46:47'),(834,25,-92.3237,38.9448,'2016-04-15 13:46:47'),(835,4,-92.3233,38.9449,'2016-04-15 13:46:53'),(836,25,-92.3233,38.9449,'2016-04-15 13:46:53'),(837,4,-92.3241,38.9444,'2016-04-15 13:47:13'),(838,25,-92.3241,38.9444,'2016-04-15 13:47:13'),(839,4,-92.3242,38.9446,'2016-04-15 13:47:16'),(840,25,-92.3242,38.9446,'2016-04-15 13:47:16'),(841,4,-92.3238,38.9446,'2016-04-15 13:47:19'),(842,25,-92.3238,38.9446,'2016-04-15 13:47:19'),(843,4,-92.3237,38.9442,'2016-04-15 13:47:25'),(844,25,-92.3237,38.9442,'2016-04-15 13:47:25'),(845,4,-92.3241,38.9446,'2016-04-15 13:47:31'),(846,25,-92.3241,38.9446,'2016-04-15 13:47:31'),(847,4,-92.3242,38.9445,'2016-04-15 13:47:37'),(848,25,-92.3242,38.9445,'2016-04-15 13:47:37'),(849,4,-92.3242,38.9445,'2016-04-15 13:47:46'),(850,25,-92.3242,38.9445,'2016-04-15 13:47:46'),(851,4,-92.3242,38.9445,'2016-04-15 13:47:49'),(852,25,-92.3242,38.9445,'2016-04-15 13:47:49'),(853,4,-92.3242,38.9445,'2016-04-15 13:47:55'),(854,25,-92.3242,38.9445,'2016-04-15 13:47:55'),(855,4,-92.3243,38.9447,'2016-04-15 13:48:01'),(856,25,-92.3243,38.9447,'2016-04-15 13:48:01'),(857,4,-92.3242,38.9446,'2016-04-15 13:48:07'),(858,25,-92.3242,38.9446,'2016-04-15 13:48:07'),(859,4,-92.3243,38.9445,'2016-04-15 13:48:08'),(860,25,-92.3243,38.9445,'2016-04-15 13:48:08'),(861,4,-92.3238,38.9444,'2016-04-15 13:48:13'),(862,25,-92.3238,38.9444,'2016-04-15 13:48:13'),(863,4,-92.3239,38.9445,'2016-04-15 13:48:19'),(864,25,-92.324,38.9445,'2016-04-15 13:48:26'),(865,25,-92.3241,38.9445,'2016-04-15 13:48:32'),(866,4,-92.3241,38.9446,'2016-04-15 13:48:37'),(867,25,-92.3241,38.9446,'2016-04-15 13:48:37'),(868,4,-92.3241,38.9446,'2016-04-15 13:48:43'),(869,25,-92.3241,38.9446,'2016-04-15 13:48:43'),(870,4,-92.324,38.9445,'2016-04-15 13:48:49'),(871,25,-92.324,38.9445,'2016-04-15 13:48:49'),(872,4,-92.3241,38.9446,'2016-04-15 13:48:57'),(873,25,-92.3241,38.9446,'2016-04-15 13:48:57'),(874,4,-92.3242,38.9446,'2016-04-15 13:48:57'),(875,25,-92.3242,38.9446,'2016-04-15 13:48:57'),(876,4,-92.3242,38.9447,'2016-04-15 13:49:01'),(877,25,-92.3242,38.9447,'2016-04-15 13:49:01'),(878,4,-92.3243,38.9445,'2016-04-15 13:49:08'),(879,25,-92.3243,38.9445,'2016-04-15 13:49:08'),(880,4,-92.3241,38.9444,'2016-04-15 13:49:14'),(881,25,-92.3241,38.9444,'2016-04-15 13:49:14'),(882,4,-92.3239,38.9443,'2016-04-15 13:49:19'),(883,25,-92.3239,38.9443,'2016-04-15 13:49:19'),(884,4,-92.3235,38.944,'2016-04-15 13:49:25'),(885,25,-92.3235,38.944,'2016-04-15 13:49:25'),(886,4,-92.3236,38.9441,'2016-04-15 13:49:32'),(887,25,-92.3236,38.9441,'2016-04-15 13:49:32'),(888,4,-92.3237,38.9442,'2016-04-15 13:49:38'),(889,25,-92.3237,38.9442,'2016-04-15 13:49:38'),(890,4,-92.3238,38.9441,'2016-04-15 13:49:45'),(891,25,-92.3238,38.9441,'2016-04-15 13:49:45'),(892,4,-92.3242,38.9446,'2016-04-15 13:49:48'),(893,25,-92.3242,38.9446,'2016-04-15 13:49:48'),(894,4,-92.3234,38.944,'2016-04-15 13:49:56'),(895,25,-92.3234,38.944,'2016-04-15 13:49:56'),(896,4,-92.3238,38.9443,'2016-04-15 13:49:57'),(897,25,-92.3238,38.9443,'2016-04-15 13:49:57'),(898,4,-92.3238,38.9444,'2016-04-15 13:50:02'),(899,25,-92.3238,38.9444,'2016-04-15 13:50:02'),(900,4,-92.3242,38.9443,'2016-04-15 13:50:08'),(901,25,-92.3242,38.9443,'2016-04-15 13:50:08'),(902,25,-92.3241,38.9444,'2016-04-15 13:50:14'),(903,4,-92.3241,38.9444,'2016-04-15 13:50:20'),(904,25,-92.3241,38.9444,'2016-04-15 13:50:20'),(905,4,-92.325,38.9442,'2016-04-15 13:50:26'),(906,25,-92.325,38.9442,'2016-04-15 13:50:26'),(907,4,-92.3245,38.9446,'2016-04-15 13:50:32'),(908,25,-92.3245,38.9446,'2016-04-15 13:50:32'),(909,4,-92.3244,38.9446,'2016-04-15 13:50:38'),(910,25,-92.3244,38.9446,'2016-04-15 13:50:38'),(911,4,-92.3246,38.9444,'2016-04-15 13:50:44'),(912,25,-92.3246,38.9444,'2016-04-15 13:50:44'),(913,4,-92.3242,38.9446,'2016-04-15 13:50:46'),(914,25,-92.3242,38.9446,'2016-04-15 13:50:46'),(915,4,-92.3245,38.9439,'2016-04-15 13:50:50'),(916,25,-92.3245,38.9439,'2016-04-15 13:50:50'),(917,4,-92.3241,38.9445,'2016-04-15 13:50:56'),(918,25,-92.3241,38.9445,'2016-04-15 13:50:56'),(919,4,-92.324,38.9444,'2016-04-15 13:51:02'),(920,25,-92.324,38.9444,'2016-04-15 13:51:02'),(921,4,-92.3239,38.9445,'2016-04-15 13:51:09'),(922,25,-92.3239,38.9445,'2016-04-15 13:51:09'),(923,25,-92.3239,38.9447,'2016-04-15 13:51:44'),(924,4,-92.3239,38.9447,'2016-04-15 13:51:44'),(925,25,-92.324,38.9446,'2016-04-15 13:51:51'),(926,4,-92.324,38.9446,'2016-04-15 13:51:51'),(927,25,-92.324,38.9446,'2016-04-15 13:51:56'),(928,4,-92.324,38.9446,'2016-04-15 13:51:56'),(929,25,-92.324,38.9446,'2016-04-15 13:52:01'),(930,4,-92.324,38.9446,'2016-04-15 13:52:01'),(931,25,-92.324,38.9446,'2016-04-15 13:52:08'),(932,4,-92.324,38.9446,'2016-04-15 13:52:08'),(933,25,-92.3239,38.9445,'2016-04-15 13:52:20'),(934,4,-92.3239,38.9445,'2016-04-15 13:52:20'),(935,25,-92.324,38.9447,'2016-04-15 13:52:26'),(936,4,-92.324,38.9447,'2016-04-15 13:52:26'),(937,25,-92.324,38.9447,'2016-04-15 13:52:32'),(938,4,-92.324,38.9447,'2016-04-15 13:52:32'),(939,25,-92.324,38.9446,'2016-04-15 13:52:39'),(940,4,-92.324,38.9446,'2016-04-15 13:52:39'),(941,25,-92.324,38.9446,'2016-04-15 13:52:46'),(942,4,-92.324,38.9446,'2016-04-15 13:52:46'),(943,25,-92.3241,38.9447,'2016-04-15 13:52:52'),(944,4,-92.3241,38.9447,'2016-04-15 13:52:52'),(945,25,-92.3241,38.9446,'2016-04-15 13:52:58'),(946,4,-92.3241,38.9446,'2016-04-15 13:52:58'),(947,25,-92.3241,38.9446,'2016-04-15 13:53:04'),(948,4,-92.3241,38.9446,'2016-04-15 13:53:04'),(949,25,-92.324,38.9446,'2016-04-15 13:53:10'),(950,4,-92.324,38.9446,'2016-04-15 13:53:10'),(951,25,-92.3239,38.9445,'2016-04-15 13:53:13'),(952,4,-92.3239,38.9445,'2016-04-15 13:53:13'),(953,25,-92.3241,38.9445,'2016-04-15 13:53:16'),(954,4,-92.3241,38.9445,'2016-04-15 13:53:16'),(955,25,-92.3241,38.9445,'2016-04-15 13:53:21'),(956,4,-92.3241,38.9445,'2016-04-15 13:53:21'),(957,25,-92.3241,38.9446,'2016-04-15 13:53:28'),(958,4,-92.3241,38.9446,'2016-04-15 13:53:28'),(959,25,-92.3242,38.9446,'2016-04-15 13:53:34'),(960,4,-92.3242,38.9446,'2016-04-15 13:53:34'),(961,25,-92.3241,38.9446,'2016-04-15 13:53:40'),(962,4,-92.3241,38.9446,'2016-04-15 13:53:40'),(963,25,-92.324,38.9446,'2016-04-15 13:53:46'),(964,4,-92.324,38.9446,'2016-04-15 13:53:46'),(965,25,-92.324,38.9447,'2016-04-15 13:53:52'),(966,4,-92.324,38.9447,'2016-04-15 13:53:52'),(967,25,-92.324,38.9446,'2016-04-15 13:53:58'),(968,4,-92.324,38.9446,'2016-04-15 13:53:58'),(969,25,-92.3239,38.9445,'2016-04-15 13:54:03'),(970,4,-92.3239,38.9445,'2016-04-15 13:54:03'),(971,25,-92.324,38.9446,'2016-04-15 13:54:04'),(972,4,-92.324,38.9446,'2016-04-15 13:54:04'),(973,25,-92.3241,38.9447,'2016-04-15 13:54:10'),(974,4,-92.3241,38.9447,'2016-04-15 13:54:10'),(975,25,-92.3241,38.9447,'2016-04-15 13:54:16'),(976,4,-92.3241,38.9447,'2016-04-15 13:54:16'),(977,25,-92.3242,38.9446,'2016-04-15 13:54:21'),(978,4,-92.3242,38.9446,'2016-04-15 13:54:21'),(979,25,-92.3243,38.9447,'2016-04-15 13:54:28'),(980,4,-92.3243,38.9447,'2016-04-15 13:54:28'),(981,25,-92.3241,38.9446,'2016-04-15 13:54:34'),(982,4,-92.3241,38.9446,'2016-04-15 13:54:34'),(983,25,-92.324,38.9446,'2016-04-15 13:54:40'),(984,4,-92.324,38.9446,'2016-04-15 13:54:40'),(985,25,-92.3241,38.9447,'2016-04-15 13:54:46'),(986,4,-92.3241,38.9447,'2016-04-15 13:54:46'),(987,25,-92.3246,38.9452,'2016-04-15 13:54:52'),(988,4,-92.3246,38.9452,'2016-04-15 13:54:52'),(989,25,-92.3239,38.9445,'2016-04-15 13:54:54'),(990,4,-92.3239,38.9445,'2016-04-15 13:54:54'),(991,25,-92.3242,38.9446,'2016-04-15 13:54:58'),(992,4,-92.3242,38.9446,'2016-04-15 13:54:58'),(993,25,-92.324,38.9445,'2016-04-15 13:55:04'),(994,4,-92.324,38.9445,'2016-04-15 13:55:04'),(995,4,-92.3238,38.9446,'2016-04-15 13:55:10'),(996,25,-92.3238,38.9446,'2016-04-15 13:55:10'),(997,25,-92.3238,38.9446,'2016-04-15 13:55:16'),(998,4,-92.3238,38.9446,'2016-04-15 13:55:16'),(999,25,-92.3239,38.9445,'2016-04-15 13:55:21'),(1000,4,-92.3239,38.9445,'2016-04-15 13:55:21'),(1001,25,-92.3242,38.9445,'2016-04-15 13:55:28'),(1002,4,-92.3242,38.9445,'2016-04-15 13:55:28'),(1003,25,-92.3254,38.944,'2016-04-15 13:55:34'),(1004,4,-92.3254,38.944,'2016-04-15 13:55:34'),(1005,25,-92.3265,38.9436,'2016-04-15 13:55:40'),(1006,4,-92.3265,38.9436,'2016-04-15 13:55:40'),(1007,25,-92.3239,38.9445,'2016-04-15 13:55:44'),(1008,4,-92.3239,38.9445,'2016-04-15 13:55:44'),(1009,25,-92.3269,38.9435,'2016-04-15 13:55:46'),(1010,4,-92.3269,38.9435,'2016-04-15 13:55:46'),(1011,25,-92.3246,38.9446,'2016-04-15 13:55:52'),(1012,4,-92.3246,38.9446,'2016-04-15 13:55:52'),(1013,25,-92.3242,38.9446,'2016-04-15 13:55:58'),(1014,4,-92.3242,38.9446,'2016-04-15 13:55:58'),(1015,25,-92.3241,38.9446,'2016-04-15 13:56:03'),(1016,4,-92.3241,38.9446,'2016-04-15 13:56:03'),(1017,25,-92.3241,38.9446,'2016-04-15 13:56:10'),(1018,4,-92.3241,38.9446,'2016-04-15 13:56:10'),(1019,25,-92.3241,38.9445,'2016-04-15 13:56:16'),(1020,4,-92.3241,38.9445,'2016-04-15 13:56:16'),(1021,25,-92.324,38.9446,'2016-04-15 13:56:22'),(1022,4,-92.324,38.9446,'2016-04-15 13:56:22'),(1023,25,-92.3239,38.9446,'2016-04-15 13:56:28'),(1024,25,-92.324,38.9445,'2016-04-15 13:56:34'),(1025,4,-92.324,38.9445,'2016-04-15 13:56:34'),(1026,25,-92.3239,38.9445,'2016-04-15 13:56:35'),(1027,4,-92.3239,38.9445,'2016-04-15 13:56:35'),(1028,25,-92.3241,38.9444,'2016-04-15 13:56:40'),(1029,4,-92.3241,38.9444,'2016-04-15 13:56:40'),(1030,25,-92.3244,38.9443,'2016-04-15 13:56:46'),(1031,4,-92.3244,38.9443,'2016-04-15 13:56:46'),(1032,25,-92.3247,38.944,'2016-04-15 13:56:52'),(1033,4,-92.3247,38.944,'2016-04-15 13:56:52'),(1034,25,-92.3243,38.9446,'2016-04-15 13:56:58'),(1035,25,-92.3241,38.9446,'2016-04-15 13:57:07'),(1036,25,-92.324,38.9445,'2016-04-15 13:57:10'),(1037,25,-92.324,38.9445,'2016-04-15 13:57:17'),(1038,4,-92.324,38.9445,'2016-04-15 13:57:17'),(1039,25,-92.3241,38.9444,'2016-04-15 13:57:21'),(1040,4,-92.3241,38.9444,'2016-04-15 13:57:21'),(1041,25,-92.3239,38.9445,'2016-04-15 13:57:26'),(1042,4,-92.3239,38.9445,'2016-04-15 13:57:26'),(1043,25,-92.3241,38.9445,'2016-04-15 13:57:28'),(1044,4,-92.3241,38.9445,'2016-04-15 13:57:28'),(1045,25,-92.3245,38.9447,'2016-04-15 13:57:34'),(1046,4,-92.3245,38.9447,'2016-04-15 13:57:34'),(1047,25,-92.3241,38.9445,'2016-04-15 13:57:40'),(1048,4,-92.3241,38.9445,'2016-04-15 13:57:40'),(1049,25,-92.3242,38.9445,'2016-04-15 13:57:46'),(1050,4,-92.3242,38.9445,'2016-04-15 13:57:46'),(1051,25,-92.3241,38.945,'2016-04-15 13:57:52'),(1052,4,-92.3241,38.945,'2016-04-15 13:57:52'),(1053,25,-92.3238,38.9446,'2016-04-15 13:57:59'),(1054,4,-92.3238,38.9446,'2016-04-15 13:57:59'),(1055,25,-92.324,38.9445,'2016-04-15 13:58:04'),(1056,4,-92.324,38.9445,'2016-04-15 13:58:04'),(1057,4,-92.3241,38.9444,'2016-04-15 13:58:10'),(1058,4,-92.3241,38.9444,'2016-04-15 13:58:16'),(1059,25,-92.3239,38.9445,'2016-04-15 13:58:17'),(1060,4,-92.3239,38.9445,'2016-04-15 13:58:17'),(1061,25,-92.3241,38.9444,'2016-04-15 13:58:22'),(1062,4,-92.3241,38.9444,'2016-04-15 13:58:22'),(1063,4,-92.3241,38.9444,'2016-04-15 13:58:29'),(1064,25,-92.3241,38.9445,'2016-04-15 13:58:34'),(1065,4,-92.3241,38.9445,'2016-04-15 13:58:34'),(1066,25,-92.3241,38.9445,'2016-04-15 13:58:43'),(1067,4,-92.3241,38.9445,'2016-04-15 13:58:43'),(1068,25,-92.3241,38.9444,'2016-04-15 13:58:46'),(1069,4,-92.3241,38.9444,'2016-04-15 13:58:46'),(1070,25,-92.3241,38.9444,'2016-04-15 13:58:52'),(1071,4,-92.3241,38.9444,'2016-04-15 13:58:52'),(1072,25,-92.3241,38.9444,'2016-04-15 13:59:07'),(1073,4,-92.3241,38.9444,'2016-04-15 13:59:07'),(1074,25,-92.3239,38.9445,'2016-04-15 13:59:13'),(1075,4,-92.3239,38.9445,'2016-04-15 13:59:13'),(1076,25,-92.3241,38.9445,'2016-04-15 13:59:15'),(1077,4,-92.3241,38.9445,'2016-04-15 13:59:15'),(1078,25,-92.3241,38.9445,'2016-04-15 13:59:19'),(1079,4,-92.3241,38.9445,'2016-04-15 13:59:19'),(1080,25,-92.3242,38.9446,'2016-04-15 13:59:25'),(1081,4,-92.3242,38.9446,'2016-04-15 13:59:25'),(1082,25,-92.3242,38.9445,'2016-04-15 13:59:31'),(1083,4,-92.3242,38.9445,'2016-04-15 13:59:31'),(1084,25,-92.3241,38.9445,'2016-04-15 13:59:36'),(1085,4,-92.3241,38.9445,'2016-04-15 13:59:36'),(1086,25,-92.3239,38.9445,'2016-04-15 13:59:42'),(1087,4,-92.3239,38.9445,'2016-04-15 13:59:42'),(1088,25,-92.3238,38.9445,'2016-04-15 13:59:49'),(1089,4,-92.3238,38.9445,'2016-04-15 13:59:49'),(1090,25,-92.3238,38.9445,'2016-04-15 13:59:56'),(1091,4,-92.3238,38.9445,'2016-04-15 13:59:56'),(1092,25,-92.3241,38.9447,'2016-04-15 14:00:03'),(1093,4,-92.3241,38.9447,'2016-04-15 14:00:03'),(1094,25,-92.3239,38.9445,'2016-04-15 14:00:06'),(1095,4,-92.3239,38.9445,'2016-04-15 14:00:06'),(1096,25,-92.3241,38.9446,'2016-04-15 14:00:09'),(1097,4,-92.3241,38.9446,'2016-04-15 14:00:09'),(1098,25,-92.3241,38.9446,'2016-04-15 14:00:15'),(1099,4,-92.3241,38.9446,'2016-04-15 14:00:15'),(1100,25,-92.324,38.9445,'2016-04-15 14:00:21'),(1101,4,-92.324,38.9445,'2016-04-15 14:00:21'),(1102,25,-92.3238,38.9447,'2016-04-15 14:00:27'),(1103,4,-92.3238,38.9447,'2016-04-15 14:00:27'),(1104,25,-92.3239,38.9446,'2016-04-15 14:00:33'),(1105,4,-92.3239,38.9446,'2016-04-15 14:00:33'),(1106,25,-92.324,38.9446,'2016-04-15 14:00:39'),(1107,4,-92.324,38.9446,'2016-04-15 14:00:39'),(1108,25,-92.3239,38.9446,'2016-04-15 14:00:45'),(1109,4,-92.3239,38.9446,'2016-04-15 14:00:45'),(1110,25,-92.3239,38.9446,'2016-04-15 14:00:51'),(1111,4,-92.3239,38.9446,'2016-04-15 14:00:51'),(1112,25,-92.3239,38.9445,'2016-04-15 14:00:57'),(1113,4,-92.3239,38.9445,'2016-04-15 14:00:57'),(1114,25,-92.3241,38.9445,'2016-04-15 14:00:57'),(1115,4,-92.3241,38.9445,'2016-04-15 14:00:57'),(1116,25,-92.324,38.9445,'2016-04-15 14:01:03'),(1117,25,-92.3241,38.9444,'2016-04-15 14:01:09'),(1118,4,-92.3241,38.9444,'2016-04-15 14:01:09'),(1119,25,-92.3241,38.9444,'2016-04-15 14:01:15'),(1120,4,-92.3241,38.9444,'2016-04-15 14:01:15'),(1121,25,-92.3241,38.9444,'2016-04-15 14:01:21'),(1122,4,-92.3241,38.9444,'2016-04-15 14:01:21'),(1123,25,-92.3241,38.9445,'2016-04-15 14:01:27'),(1124,4,-92.3241,38.9445,'2016-04-15 14:01:27'),(1125,25,-92.3241,38.9444,'2016-04-15 14:01:35'),(1126,4,-92.3241,38.9444,'2016-04-15 14:01:35'),(1127,25,-92.3241,38.9445,'2016-04-15 14:01:41'),(1128,4,-92.3241,38.9445,'2016-04-15 14:01:41'),(1129,25,-92.3241,38.9445,'2016-04-15 14:01:47'),(1130,4,-92.3241,38.9445,'2016-04-15 14:01:47'),(1131,25,-92.3239,38.9445,'2016-04-15 14:01:47'),(1132,4,-92.3239,38.9445,'2016-04-15 14:01:47'),(1133,25,-92.3241,38.9445,'2016-04-15 14:02:01'),(1134,25,-92.3241,38.9445,'2016-04-15 14:02:09'),(1135,25,-92.3241,38.9445,'2016-04-15 14:02:12'),(1136,4,-92.3241,38.9445,'2016-04-15 14:02:12'),(1137,25,-92.3242,38.9448,'2016-04-15 14:02:19'),(1138,4,-92.3242,38.9448,'2016-04-15 14:02:19'),(1139,25,-92.3241,38.9446,'2016-04-15 14:02:25'),(1140,4,-92.3241,38.9446,'2016-04-15 14:02:25'),(1141,4,-92.3241,38.9446,'2016-04-15 14:02:31'),(1142,25,-92.3241,38.9446,'2016-04-15 14:02:38'),(1143,4,-92.3241,38.9446,'2016-04-15 14:02:38'),(1144,25,-92.3239,38.9445,'2016-04-15 14:02:40'),(1145,4,-92.3239,38.9445,'2016-04-15 14:02:40'),(1146,25,-92.3241,38.9446,'2016-04-15 14:02:44'),(1147,4,-92.3241,38.9446,'2016-04-15 14:02:44'),(1148,25,-92.3241,38.9446,'2016-04-15 14:02:57'),(1149,4,-92.3241,38.9446,'2016-04-15 14:02:57'),(1150,25,-92.324,38.9446,'2016-04-15 14:03:03'),(1151,4,-92.324,38.9446,'2016-04-15 14:03:03'),(1152,25,-92.324,38.9446,'2016-04-15 14:03:16'),(1153,4,-92.324,38.9446,'2016-04-15 14:03:16'),(1154,25,-92.324,38.9446,'2016-04-15 14:03:23'),(1155,4,-92.324,38.9446,'2016-04-15 14:03:23'),(1156,25,-92.324,38.9446,'2016-04-15 14:03:29'),(1157,4,-92.324,38.9446,'2016-04-15 14:03:29'),(1158,25,-92.3239,38.9445,'2016-04-15 14:03:31'),(1159,4,-92.3239,38.9445,'2016-04-15 14:03:31'),(1160,25,-92.324,38.9446,'2016-04-15 14:03:34'),(1161,4,-92.324,38.9446,'2016-04-15 14:03:34'),(1162,25,-92.3242,38.9445,'2016-04-15 14:03:41'),(1163,4,-92.3242,38.9445,'2016-04-15 14:03:41'),(1164,25,-92.3241,38.9446,'2016-04-15 14:03:47'),(1165,4,-92.3241,38.9446,'2016-04-15 14:03:47'),(1166,25,-92.324,38.9446,'2016-04-15 14:03:53'),(1167,4,-92.324,38.9446,'2016-04-15 14:03:53'),(1168,25,-92.3242,38.9445,'2016-04-15 14:03:59'),(1169,4,-92.3242,38.9445,'2016-04-15 14:03:59'),(1170,4,-92.3242,38.9445,'2016-04-15 14:04:05'),(1171,25,-92.3241,38.9445,'2016-04-15 14:04:11'),(1172,4,-92.3241,38.9445,'2016-04-15 14:04:11'),(1173,25,-92.324,38.9445,'2016-04-15 14:04:17'),(1174,4,-92.324,38.9445,'2016-04-15 14:04:17'),(1175,25,-92.3239,38.9445,'2016-04-15 14:04:22'),(1176,4,-92.3239,38.9445,'2016-04-15 14:04:22'),(1177,25,-92.3241,38.9444,'2016-04-15 14:04:23'),(1178,4,-92.3241,38.9444,'2016-04-15 14:04:23'),(1179,25,-92.3241,38.9445,'2016-04-15 14:04:29'),(1180,4,-92.3241,38.9445,'2016-04-15 14:04:29'),(1181,25,-92.3238,38.9445,'2016-04-15 14:04:34'),(1182,4,-92.3238,38.9445,'2016-04-15 14:04:34'),(1183,25,-92.3238,38.9445,'2016-04-15 14:04:41'),(1184,4,-92.3238,38.9445,'2016-04-15 14:04:41'),(1185,25,-92.3238,38.9445,'2016-04-15 14:04:46'),(1186,4,-92.3238,38.9445,'2016-04-15 14:04:46'),(1187,25,-92.3239,38.9445,'2016-04-15 14:04:53'),(1188,4,-92.3239,38.9445,'2016-04-15 14:04:53'),(1189,25,-92.3238,38.9445,'2016-04-15 14:04:58'),(1190,4,-92.3238,38.9445,'2016-04-15 14:04:58'),(1191,25,-92.324,38.9445,'2016-04-15 14:05:05'),(1192,4,-92.324,38.9445,'2016-04-15 14:05:05'),(1193,25,-92.324,38.9445,'2016-04-15 14:05:11'),(1194,4,-92.324,38.9445,'2016-04-15 14:05:11'),(1195,4,-92.3239,38.9445,'2016-04-15 14:05:14'),(1196,4,-92.3239,38.9445,'2016-04-15 14:05:17'),(1197,25,-92.3238,38.9445,'2016-04-15 14:05:23'),(1198,25,-92.3244,38.9449,'2016-04-15 14:05:29'),(1199,4,-92.3244,38.9449,'2016-04-15 14:05:29'),(1200,25,-92.3242,38.9446,'2016-04-15 14:05:35'),(1201,4,-92.3242,38.9446,'2016-04-15 14:05:35'),(1202,25,-92.3241,38.9445,'2016-04-15 14:05:41'),(1203,4,-92.3241,38.9445,'2016-04-15 14:05:41'),(1204,25,-92.3241,38.9445,'2016-04-15 14:05:47'),(1205,4,-92.3241,38.9445,'2016-04-15 14:05:47'),(1206,25,-92.3241,38.9445,'2016-04-15 14:05:53'),(1207,25,-92.3241,38.9445,'2016-04-15 14:05:58'),(1208,4,-92.3241,38.9445,'2016-04-15 14:05:58'),(1209,25,-92.3239,38.9445,'2016-04-15 14:06:05'),(1210,4,-92.3239,38.9445,'2016-04-15 14:06:05'),(1211,25,-92.3244,38.9442,'2016-04-15 14:06:05'),(1212,4,-92.3244,38.9442,'2016-04-15 14:06:05'),(1213,25,-92.3241,38.9445,'2016-04-15 14:06:11'),(1214,4,-92.3241,38.9445,'2016-04-15 14:06:11'),(1215,25,-92.324,38.9445,'2016-04-15 14:06:16'),(1216,4,-92.324,38.9445,'2016-04-15 14:06:16'),(1217,25,-92.3241,38.9445,'2016-04-15 14:06:23'),(1218,4,-92.3241,38.9445,'2016-04-15 14:06:23'),(1219,25,-92.324,38.9445,'2016-04-15 14:06:29'),(1220,4,-92.324,38.9445,'2016-04-15 14:06:29'),(1221,25,-92.324,38.9445,'2016-04-15 14:06:35'),(1222,4,-92.324,38.9445,'2016-04-15 14:06:35'),(1223,25,-92.3241,38.9445,'2016-04-15 14:06:41'),(1224,4,-92.3241,38.9445,'2016-04-15 14:06:41'),(1225,25,-92.324,38.9444,'2016-04-15 14:06:47'),(1226,4,-92.324,38.9444,'2016-04-15 14:06:47'),(1227,25,-92.324,38.9444,'2016-04-15 14:06:53'),(1228,4,-92.324,38.9444,'2016-04-15 14:06:53'),(1229,25,-92.3239,38.9445,'2016-04-15 14:06:56'),(1230,4,-92.3239,38.9445,'2016-04-15 14:06:56'),(1231,25,-92.324,38.9444,'2016-04-15 14:06:58'),(1232,4,-92.324,38.9444,'2016-04-15 14:06:58'),(1233,25,-92.3238,38.9444,'2016-04-15 14:07:05'),(1234,4,-92.3238,38.9444,'2016-04-15 14:07:05'),(1235,25,-92.3239,38.9444,'2016-04-15 14:07:11'),(1236,4,-92.3239,38.9444,'2016-04-15 14:07:11'),(1237,25,-92.3239,38.9444,'2016-04-15 14:07:19'),(1238,4,-92.3239,38.9444,'2016-04-15 14:07:19'),(1239,4,-92.3241,38.9443,'2016-04-15 14:07:23'),(1240,25,-92.3244,38.9443,'2016-04-15 14:07:29'),(1241,4,-92.3244,38.9443,'2016-04-15 14:07:29'),(1242,25,-92.3243,38.9443,'2016-04-15 14:07:35'),(1243,4,-92.3243,38.9443,'2016-04-15 14:07:35'),(1244,25,-92.3242,38.9443,'2016-04-15 14:07:40'),(1245,4,-92.3242,38.9443,'2016-04-15 14:07:40'),(1246,25,-92.3239,38.9445,'2016-04-15 14:07:47'),(1247,4,-92.3239,38.9445,'2016-04-15 14:07:47'),(1248,25,-92.3242,38.9443,'2016-04-15 14:07:47'),(1249,4,-92.3242,38.9443,'2016-04-15 14:07:47'),(1250,25,-92.3247,38.9449,'2016-04-15 14:07:53'),(1251,4,-92.3247,38.9449,'2016-04-15 14:07:53'),(1252,25,-92.3241,38.9445,'2016-04-15 14:07:59'),(1253,4,-92.3241,38.9445,'2016-04-15 14:07:59'),(1254,25,-92.3242,38.9443,'2016-04-15 14:08:05'),(1255,4,-92.3242,38.9443,'2016-04-15 14:08:05'),(1256,25,-92.3242,38.9442,'2016-04-15 14:08:11'),(1257,4,-92.3242,38.9442,'2016-04-15 14:08:11'),(1258,25,-92.3242,38.9443,'2016-04-15 14:08:17'),(1259,4,-92.3242,38.9443,'2016-04-15 14:08:17'),(1260,25,-92.3241,38.9442,'2016-04-15 14:08:23'),(1261,4,-92.3241,38.9442,'2016-04-15 14:08:23'),(1262,25,-92.324,38.9443,'2016-04-15 14:08:29'),(1263,4,-92.324,38.9443,'2016-04-15 14:08:29'),(1264,25,-92.3241,38.9443,'2016-04-15 14:08:35'),(1265,4,-92.3241,38.9443,'2016-04-15 14:08:35'),(1266,25,-92.3239,38.9445,'2016-04-15 14:08:39'),(1267,4,-92.3239,38.9445,'2016-04-15 14:08:39'),(1268,4,-92.324,38.9443,'2016-04-15 14:08:42'),(1269,25,-92.324,38.9443,'2016-04-15 14:08:42'),(1270,4,-92.3239,38.9442,'2016-04-15 14:08:46'),(1271,25,-92.3239,38.9442,'2016-04-15 14:08:46'),(1272,25,-92.3233,38.9443,'2016-04-15 14:08:53'),(1273,4,-92.3233,38.9443,'2016-04-15 14:08:53'),(1274,25,-92.3241,38.9443,'2016-04-15 14:08:59'),(1275,4,-92.3241,38.9443,'2016-04-15 14:08:59'),(1276,25,-92.3241,38.9443,'2016-04-15 14:09:05'),(1277,4,-92.3238,38.944,'2016-04-15 14:09:11'),(1278,25,-92.3239,38.9444,'2016-04-15 14:09:17'),(1279,4,-92.3239,38.9444,'2016-04-15 14:09:17'),(1280,25,-92.3241,38.9443,'2016-04-15 14:09:22'),(1281,4,-92.3241,38.9443,'2016-04-15 14:09:22'),(1282,25,-92.324,38.9441,'2016-04-15 14:09:29'),(1283,4,-92.324,38.9441,'2016-04-15 14:09:29'),(1284,25,-92.3239,38.9445,'2016-04-15 14:09:31'),(1285,4,-92.3239,38.9445,'2016-04-15 14:09:31'),(1286,25,-92.3236,38.9442,'2016-04-15 14:09:35'),(1287,4,-92.3236,38.9442,'2016-04-15 14:09:35'),(1288,25,-92.3239,38.9442,'2016-04-15 14:09:41'),(1289,4,-92.3239,38.9442,'2016-04-15 14:09:41'),(1290,25,-92.3242,38.9442,'2016-04-15 14:09:46'),(1291,4,-92.3242,38.9442,'2016-04-15 14:09:46'),(1292,25,-92.3243,38.9441,'2016-04-15 14:09:53'),(1293,4,-92.3243,38.9441,'2016-04-15 14:09:53'),(1294,25,-92.3242,38.9441,'2016-04-15 14:09:59'),(1295,4,-92.3242,38.9441,'2016-04-15 14:09:59'),(1296,25,-92.3243,38.9442,'2016-04-15 14:10:05'),(1297,4,-92.3243,38.9442,'2016-04-15 14:10:05'),(1298,25,-92.324,38.9442,'2016-04-15 14:10:11'),(1299,4,-92.324,38.9442,'2016-04-15 14:10:11'),(1300,25,-92.3238,38.9442,'2016-04-15 14:10:17'),(1301,4,-92.3238,38.9442,'2016-04-15 14:10:17'),(1302,25,-92.3239,38.9445,'2016-04-15 14:10:22'),(1303,4,-92.3239,38.9445,'2016-04-15 14:10:22'),(1304,25,-92.3241,38.9443,'2016-04-15 14:10:23'),(1305,4,-92.3241,38.9443,'2016-04-15 14:10:23'),(1306,25,-92.3241,38.9443,'2016-04-15 14:10:29'),(1307,4,-92.3241,38.9443,'2016-04-15 14:10:29'),(1308,25,-92.3237,38.9436,'2016-04-15 14:10:35'),(1309,4,-92.3237,38.9436,'2016-04-15 14:10:35'),(1310,25,-92.3237,38.9431,'2016-04-15 14:10:41'),(1311,4,-92.3237,38.9431,'2016-04-15 14:10:41'),(1312,25,-92.324,38.9442,'2016-04-15 14:10:46'),(1313,4,-92.324,38.9442,'2016-04-15 14:10:46'),(1314,25,-92.3238,38.9444,'2016-04-15 14:10:53'),(1315,4,-92.3238,38.9444,'2016-04-15 14:10:53'),(1316,25,-92.3239,38.9444,'2016-04-15 14:10:59'),(1317,4,-92.3239,38.9444,'2016-04-15 14:10:59'),(1318,25,-92.3239,38.9444,'2016-04-15 14:11:05'),(1319,4,-92.3239,38.9444,'2016-04-15 14:11:05'),(1320,25,-92.3239,38.9443,'2016-04-15 14:11:12'),(1321,4,-92.3239,38.9443,'2016-04-15 14:11:12'),(1322,25,-92.3239,38.9445,'2016-04-15 14:11:14'),(1323,4,-92.3239,38.9445,'2016-04-15 14:11:14'),(1324,25,-92.324,38.9443,'2016-04-15 14:11:17'),(1325,4,-92.324,38.9443,'2016-04-15 14:11:17'),(1326,25,-92.324,38.9443,'2016-04-15 14:11:23'),(1327,4,-92.324,38.9443,'2016-04-15 14:11:23'),(1328,25,-92.324,38.9443,'2016-04-15 14:11:29'),(1329,4,-92.324,38.9443,'2016-04-15 14:11:29'),(1330,4,-92.3236,38.9441,'2016-04-15 14:11:35'),(1331,25,-92.3236,38.9441,'2016-04-15 14:11:35'),(1332,25,-92.3239,38.9443,'2016-04-15 14:11:41'),(1333,4,-92.3239,38.9443,'2016-04-15 14:11:41'),(1334,25,-92.3239,38.9444,'2016-04-15 14:11:46'),(1335,4,-92.3239,38.9444,'2016-04-15 14:11:46'),(1336,25,-92.3238,38.9444,'2016-04-15 14:11:53'),(1337,4,-92.3238,38.9444,'2016-04-15 14:11:53'),(1338,25,-92.3239,38.9444,'2016-04-15 14:11:59'),(1339,4,-92.3239,38.9444,'2016-04-15 14:11:59'),(1340,25,-92.3239,38.9445,'2016-04-15 14:12:04'),(1341,4,-92.3239,38.9445,'2016-04-15 14:12:04'),(1342,25,-92.3239,38.9444,'2016-04-15 14:12:05'),(1343,4,-92.3239,38.9444,'2016-04-15 14:12:05'),(1344,25,-92.3239,38.9445,'2016-04-15 14:12:12'),(1345,4,-92.3239,38.9445,'2016-04-15 14:12:12'),(1346,25,-92.3239,38.9445,'2016-04-15 14:12:17'),(1347,4,-92.3239,38.9445,'2016-04-15 14:12:17'),(1348,25,-92.3239,38.9446,'2016-04-15 14:12:23'),(1349,4,-92.3239,38.9446,'2016-04-15 14:12:23'),(1350,25,-92.324,38.9445,'2016-04-15 14:12:29'),(1351,4,-92.324,38.9445,'2016-04-15 14:12:29'),(1352,25,-92.324,38.9445,'2016-04-15 14:12:35'),(1353,4,-92.324,38.9445,'2016-04-15 14:12:35'),(1354,25,-92.324,38.9445,'2016-04-15 14:12:41'),(1355,4,-92.324,38.9445,'2016-04-15 14:12:41'),(1356,25,-92.324,38.9445,'2016-04-15 14:12:46'),(1357,4,-92.324,38.9445,'2016-04-15 14:12:46'),(1358,25,-92.3241,38.9445,'2016-04-15 14:12:53'),(1359,4,-92.3241,38.9445,'2016-04-15 14:12:53'),(1360,25,-92.3239,38.9445,'2016-04-15 14:12:55'),(1361,4,-92.3239,38.9445,'2016-04-15 14:12:55'),(1362,4,-92.3241,38.9445,'2016-04-15 14:12:59'),(1363,25,-92.324,38.9445,'2016-04-15 14:13:06'),(1364,4,-92.324,38.9445,'2016-04-15 14:13:06'),(1365,25,-92.3235,38.9447,'2016-04-15 14:13:13'),(1366,4,-92.3235,38.9447,'2016-04-15 14:13:13'),(1367,25,-92.3239,38.9445,'2016-04-15 14:13:19'),(1368,25,-92.324,38.9445,'2016-04-15 14:13:25'),(1369,25,-92.3238,38.9445,'2016-04-15 14:13:31'),(1370,4,-92.3238,38.9445,'2016-04-15 14:13:31'),(1371,25,-92.3232,38.9449,'2016-04-15 14:13:37'),(1372,4,-92.3232,38.9449,'2016-04-15 14:13:37'),(1373,25,-92.3239,38.9445,'2016-04-15 14:13:43'),(1374,4,-92.3239,38.9445,'2016-04-15 14:13:43'),(1375,25,-92.3239,38.9445,'2016-04-15 14:13:46'),(1376,4,-92.3239,38.9445,'2016-04-15 14:13:46'),(1377,25,-92.3239,38.9445,'2016-04-15 14:13:49'),(1378,4,-92.3239,38.9445,'2016-04-15 14:13:49'),(1379,25,-92.3238,38.9443,'2016-04-15 14:13:55'),(1380,4,-92.3238,38.9443,'2016-04-15 14:13:55'),(1381,25,-92.3239,38.9445,'2016-04-15 14:14:01'),(1382,4,-92.3239,38.9445,'2016-04-15 14:14:01'),(1383,25,-92.324,38.9445,'2016-04-15 14:14:06'),(1384,4,-92.324,38.9445,'2016-04-15 14:14:06'),(1385,25,-92.3238,38.9442,'2016-04-15 14:14:13'),(1386,4,-92.3238,38.9442,'2016-04-15 14:14:13'),(1387,25,-92.3239,38.9444,'2016-04-15 14:14:19'),(1388,4,-92.3239,38.9444,'2016-04-15 14:14:19'),(1389,25,-92.3239,38.9445,'2016-04-15 14:14:25'),(1390,4,-92.3239,38.9445,'2016-04-15 14:14:25'),(1391,25,-92.324,38.9445,'2016-04-15 14:14:30'),(1392,4,-92.324,38.9445,'2016-04-15 14:14:30'),(1393,25,-92.3239,38.9445,'2016-04-15 14:14:36'),(1394,4,-92.3239,38.9445,'2016-04-15 14:14:36'),(1395,25,-92.324,38.9445,'2016-04-15 14:14:41'),(1396,4,-92.324,38.9445,'2016-04-15 14:14:41'),(1397,25,-92.324,38.9445,'2016-04-15 14:14:44'),(1398,4,-92.324,38.9445,'2016-04-15 14:14:44'),(1399,25,-92.324,38.9445,'2016-04-15 14:14:49'),(1400,4,-92.324,38.9445,'2016-04-15 14:14:49'),(1401,25,-92.324,38.944,'2016-04-15 14:14:55'),(1402,4,-92.324,38.944,'2016-04-15 14:14:55'),(1403,25,-92.3239,38.944,'2016-04-15 14:15:00'),(1404,4,-92.3239,38.944,'2016-04-15 14:15:00'),(1405,25,-92.3239,38.9444,'2016-04-15 14:15:06'),(1406,4,-92.3239,38.9444,'2016-04-15 14:15:06'),(1407,25,-92.3239,38.9444,'2016-04-15 14:15:12'),(1408,4,-92.3239,38.9444,'2016-04-15 14:15:12'),(1409,25,-92.3239,38.9444,'2016-04-15 14:15:22'),(1410,4,-92.3239,38.9444,'2016-04-15 14:15:22'),(1411,25,-92.324,38.9444,'2016-04-15 14:15:28'),(1412,25,-92.3239,38.9445,'2016-04-15 14:15:31'),(1413,4,-92.3239,38.9445,'2016-04-15 14:15:31'),(1414,4,-92.324,38.9444,'2016-04-15 14:15:34'),(1415,25,-92.324,38.9444,'2016-04-15 14:15:34'),(1416,4,-92.3239,38.9446,'2016-04-15 14:15:41'),(1417,25,-92.3239,38.9446,'2016-04-15 14:15:41'),(1418,25,-92.3242,38.9445,'2016-04-15 14:15:46'),(1419,4,-92.3242,38.9445,'2016-04-15 14:15:46'),(1420,25,-92.3243,38.9445,'2016-04-15 14:15:55'),(1421,4,-92.3243,38.9445,'2016-04-15 14:15:55'),(1422,25,-92.3241,38.9447,'2016-04-15 14:15:59'),(1423,4,-92.3241,38.9447,'2016-04-15 14:15:59'),(1424,25,-92.3242,38.9448,'2016-04-15 14:16:05'),(1425,4,-92.3242,38.9448,'2016-04-15 14:16:05'),(1426,4,-92.324,38.9448,'2016-04-15 14:16:11'),(1427,25,-92.324,38.9448,'2016-04-15 14:16:11'),(1428,4,-92.3237,38.9449,'2016-04-15 14:16:16'),(1429,25,-92.3237,38.9449,'2016-04-15 14:16:16'),(1430,4,-92.3239,38.9445,'2016-04-15 14:16:21'),(1431,25,-92.3239,38.9445,'2016-04-15 14:16:21'),(1432,4,-92.3238,38.9447,'2016-04-15 14:16:23'),(1433,25,-92.3238,38.9447,'2016-04-15 14:16:23'),(1434,4,-92.3238,38.9447,'2016-04-15 14:16:28'),(1435,25,-92.3238,38.9447,'2016-04-15 14:16:28'),(1436,4,-92.3236,38.9446,'2016-04-15 14:16:35'),(1437,25,-92.3236,38.9446,'2016-04-15 14:16:35'),(1438,4,-92.3234,38.9442,'2016-04-15 14:16:41'),(1439,25,-92.3234,38.9442,'2016-04-15 14:16:41'),(1440,25,-92.3232,38.9441,'2016-04-15 14:16:46'),(1441,4,-92.3232,38.9441,'2016-04-15 14:16:46'),(1442,4,-92.3245,38.9461,'2016-04-15 14:16:54'),(1443,25,-92.3245,38.9461,'2016-04-15 14:16:54'),(1444,4,-92.3249,38.9469,'2016-04-15 14:17:00'),(1445,25,-92.3249,38.9469,'2016-04-15 14:17:00'),(1446,4,-92.3249,38.9471,'2016-04-15 14:17:05'),(1447,4,-92.3239,38.9445,'2016-04-15 14:17:13'),(1448,4,-92.3241,38.9444,'2016-04-15 14:17:50'),(1449,25,-92.3241,38.9444,'2016-04-15 14:17:50'),(1450,25,-92.3237,38.9451,'2016-04-15 14:17:56'),(1451,4,-92.3237,38.9451,'2016-04-15 14:17:56'),(1452,25,-92.324,38.9448,'2016-04-15 14:18:02'),(1453,25,-92.3239,38.9445,'2016-04-15 14:18:06'),(1454,25,-92.3238,38.9445,'2016-04-15 14:18:07'),(1455,4,-92.3238,38.9445,'2016-04-15 14:18:07'),(1456,25,-92.3237,38.9448,'2016-04-15 14:18:14'),(1457,4,-92.3237,38.9448,'2016-04-15 14:18:14'),(1458,4,-92.3236,38.9461,'2016-04-15 14:18:19'),(1459,25,-92.324,38.9445,'2016-04-15 14:18:44'),(1460,25,-92.324,38.9446,'2016-04-15 14:18:50'),(1461,4,-92.324,38.9446,'2016-04-15 14:18:50'),(1462,4,-92.3238,38.9445,'2016-04-15 14:18:56'),(1463,25,-92.3238,38.9445,'2016-04-15 14:18:56'),(1464,4,-92.3239,38.9445,'2016-04-15 14:18:57'),(1465,25,-92.3239,38.9445,'2016-04-15 14:18:57'),(1466,25,-92.3239,38.9443,'2016-04-15 14:19:02'),(1467,4,-92.3239,38.9443,'2016-04-15 14:19:02'),(1468,4,-92.3241,38.9445,'2016-04-15 14:19:08'),(1469,25,-92.3241,38.9445,'2016-04-15 14:19:08'),(1470,25,-92.3244,38.9445,'2016-04-15 14:19:14'),(1471,4,-92.3244,38.9445,'2016-04-15 14:19:14'),(1472,4,-92.3245,38.9446,'2016-04-15 14:19:20'),(1473,25,-92.3245,38.9446,'2016-04-15 14:19:20'),(1474,4,-92.3232,38.9449,'2016-04-15 14:19:26'),(1475,25,-92.3232,38.9449,'2016-04-15 14:19:26'),(1476,25,-92.3234,38.9445,'2016-04-15 14:19:33'),(1477,4,-92.3234,38.9445,'2016-04-15 14:19:33'),(1478,4,-92.3235,38.9445,'2016-04-15 14:19:38'),(1479,25,-92.3235,38.9445,'2016-04-15 14:19:38'),(1480,25,-92.3232,38.9444,'2016-04-15 14:19:44'),(1481,25,-92.3239,38.9445,'2016-04-15 14:19:48'),(1482,25,-92.3229,38.9439,'2016-04-15 14:19:57'),(1483,25,-92.3232,38.9431,'2016-04-15 14:19:57'),(1484,4,-92.3234,38.9435,'2016-04-15 14:20:03'),(1485,25,-92.3234,38.9435,'2016-04-15 14:20:03'),(1486,4,-92.3238,38.9439,'2016-04-15 14:20:09'),(1487,25,-92.3238,38.9439,'2016-04-15 14:20:09'),(1488,4,-92.3239,38.9445,'2016-04-15 14:20:47'),(1489,25,-92.3239,38.9445,'2016-04-15 14:20:47'),(1490,4,-92.324,38.9448,'2016-04-15 14:20:48'),(1491,25,-92.324,38.9448,'2016-04-15 14:20:48'),(1492,4,-92.3241,38.9447,'2016-04-15 14:20:54'),(1493,25,-92.3241,38.9447,'2016-04-15 14:20:54'),(1494,4,-92.3239,38.9448,'2016-04-15 14:21:11'),(1495,25,-92.3239,38.9448,'2016-04-15 14:21:11'),(1496,4,-92.3242,38.9449,'2016-04-15 14:21:17'),(1497,25,-92.3242,38.9449,'2016-04-15 14:21:17'),(1498,4,-92.3241,38.9447,'2016-04-15 14:21:23'),(1499,25,-92.3241,38.9447,'2016-04-15 14:21:23'),(1500,4,-92.3243,38.9445,'2016-04-15 14:21:29'),(1501,25,-92.3243,38.9445,'2016-04-15 14:21:29'),(1502,4,-92.3241,38.9446,'2016-04-15 14:21:35'),(1503,25,-92.3241,38.9446,'2016-04-15 14:21:35'),(1504,4,-92.3239,38.9445,'2016-04-15 14:21:37'),(1505,25,-92.3239,38.9445,'2016-04-15 14:21:37'),(1506,25,-92.324,38.9446,'2016-04-15 14:21:40'),(1507,4,-92.324,38.9446,'2016-04-15 14:21:40'),(1508,4,-92.3244,38.9446,'2016-04-15 14:21:47'),(1509,25,-92.3244,38.9446,'2016-04-15 14:21:47'),(1510,4,-92.3245,38.9447,'2016-04-15 14:21:53'),(1511,25,-92.3245,38.9447,'2016-04-15 14:21:53'),(1512,4,-92.3243,38.9448,'2016-04-15 14:21:58'),(1513,25,-92.3243,38.9448,'2016-04-15 14:21:58'),(1514,25,-92.3239,38.9447,'2016-04-15 14:22:05'),(1515,4,-92.324,38.9448,'2016-04-15 14:22:11'),(1516,25,-92.324,38.9448,'2016-04-15 14:22:11'),(1517,4,-92.3239,38.9445,'2016-04-15 14:22:17'),(1518,25,-92.3239,38.9445,'2016-04-15 14:22:17'),(1519,4,-92.3239,38.9445,'2016-04-15 14:22:23'),(1520,25,-92.3239,38.9445,'2016-04-15 14:22:23'),(1521,4,-92.3239,38.9445,'2016-04-15 14:22:28'),(1522,25,-92.3239,38.9445,'2016-04-15 14:22:28'),(1523,4,-92.324,38.9445,'2016-04-15 14:22:29'),(1524,25,-92.324,38.9445,'2016-04-15 14:22:29'),(1525,25,-92.3245,38.9445,'2016-04-15 14:22:35'),(1526,4,-92.3245,38.9445,'2016-04-15 14:22:35'),(1527,25,-92.3242,38.9446,'2016-04-15 14:22:40'),(1528,4,-92.3242,38.9446,'2016-04-15 14:22:40'),(1529,4,-92.3244,38.9445,'2016-04-15 14:22:47'),(1530,25,-92.3244,38.9445,'2016-04-15 14:22:47'),(1531,25,-92.3244,38.9437,'2016-04-15 14:22:53'),(1532,4,-92.3244,38.9437,'2016-04-15 14:22:53'),(1533,25,-92.3237,38.9436,'2016-04-15 14:22:58'),(1534,4,-92.3237,38.9436,'2016-04-15 14:22:58'),(1535,4,-92.3245,38.944,'2016-04-15 14:23:05'),(1536,25,-92.3245,38.944,'2016-04-15 14:23:05'),(1537,4,-92.3239,38.9445,'2016-04-15 14:23:17'),(1538,25,-92.3239,38.9445,'2016-04-15 14:23:17'),(1539,4,-92.3239,38.9445,'2016-04-15 14:23:25'),(1540,25,-92.3239,38.9445,'2016-04-15 14:23:25'),(1541,4,-92.3238,38.9445,'2016-04-15 14:23:25'),(1542,25,-92.3238,38.9445,'2016-04-15 14:23:25'),(1543,4,-92.3238,38.9445,'2016-04-15 14:23:29'),(1544,25,-92.3238,38.9445,'2016-04-15 14:23:29'),(1545,4,-92.3238,38.9445,'2016-04-15 14:23:35'),(1546,25,-92.3238,38.9445,'2016-04-15 14:23:35'),(1547,4,-92.3239,38.9444,'2016-04-15 14:23:41'),(1548,25,-92.3239,38.9444,'2016-04-15 14:23:41'),(1549,25,-92.3238,38.9445,'2016-04-15 14:23:51'),(1550,4,-92.3238,38.9445,'2016-04-15 14:23:51'),(1551,25,-92.3239,38.9446,'2016-04-15 14:23:53'),(1552,4,-92.3239,38.9446,'2016-04-15 14:23:53'),(1553,4,-92.3241,38.9446,'2016-04-15 14:23:59'),(1554,4,-92.3243,38.9445,'2016-04-15 14:24:04'),(1555,4,-92.324,38.9447,'2016-04-15 14:24:11'),(1556,25,-92.3239,38.9445,'2016-04-15 14:24:16'),(1557,4,-92.3239,38.9445,'2016-04-15 14:24:16'),(1558,25,-92.3237,38.9449,'2016-04-15 14:24:17'),(1559,4,-92.3237,38.9449,'2016-04-15 14:24:17'),(1560,4,-92.3236,38.9444,'2016-04-15 14:24:22'),(1561,4,-92.3228,38.9442,'2016-04-15 14:24:29'),(1562,25,-92.3228,38.9442,'2016-04-15 14:24:29'),(1563,4,-92.3239,38.9445,'2016-04-15 14:25:07'),(1564,25,-92.3239,38.9445,'2016-04-15 14:25:07'),(1565,4,-92.3239,38.9445,'2016-04-15 14:25:59'),(1566,25,-92.3239,38.9445,'2016-04-15 14:25:59'),(1567,4,-92.3239,38.9445,'2016-04-15 14:26:50'),(1568,25,-92.3239,38.9445,'2016-04-15 14:26:50'),(1569,4,-92.3239,38.9445,'2016-04-15 14:27:44'),(1570,25,-92.3239,38.9445,'2016-04-15 14:27:44'),(1571,4,-92.3242,38.9446,'2016-04-15 14:28:02'),(1572,25,-92.3242,38.9446,'2016-04-15 14:28:02'),(1573,4,-92.3235,38.9442,'2016-04-15 14:28:17'),(1574,25,-92.3235,38.9442,'2016-04-15 14:28:17'),(1575,4,-92.3233,38.9442,'2016-04-15 14:28:22'),(1576,25,-92.3233,38.9442,'2016-04-15 14:28:22'),(1577,4,-92.323,38.9443,'2016-04-15 14:28:29'),(1578,25,-92.323,38.9443,'2016-04-15 14:28:29'),(1579,4,-92.3239,38.9445,'2016-04-15 14:28:35'),(1580,25,-92.3239,38.9445,'2016-04-15 14:28:35'),(1581,4,-92.3236,38.9433,'2016-04-15 14:28:36'),(1582,25,-92.3236,38.9433,'2016-04-15 14:28:36'),(1583,25,-92.324,38.9443,'2016-04-15 14:28:42'),(1584,4,-92.324,38.9443,'2016-04-15 14:28:42'),(1585,4,-92.3238,38.9446,'2016-04-15 14:31:10'),(1586,25,-92.3238,38.9446,'2016-04-15 14:31:10'),(1587,25,-92.324,38.9443,'2016-04-15 14:31:16'),(1588,4,-92.324,38.9443,'2016-04-15 14:31:16'),(1589,4,-92.3238,38.9441,'2016-04-15 14:31:22'),(1590,25,-92.3238,38.9441,'2016-04-15 14:31:22'),(1591,4,-92.3243,38.9442,'2016-04-15 14:31:35'),(1592,25,-92.3243,38.9442,'2016-04-15 14:31:35'),(1593,4,-92.3241,38.944,'2016-04-15 14:31:48'),(1594,25,-92.3241,38.944,'2016-04-15 14:31:48'),(1595,4,-92.3254,38.9434,'2016-04-15 14:31:50'),(1596,25,-92.3254,38.9434,'2016-04-15 14:31:50'),(1597,4,-92.324,38.9443,'2016-04-15 14:31:53'),(1598,25,-92.324,38.9443,'2016-04-15 14:31:53'),(1599,4,-92.3245,38.9441,'2016-04-15 14:31:54'),(1600,25,-92.3245,38.9441,'2016-04-15 14:31:54'),(1601,4,-92.3243,38.9444,'2016-04-15 14:32:00'),(1602,25,-92.3243,38.9444,'2016-04-15 14:32:00'),(1603,4,-92.3241,38.9446,'2016-04-15 14:36:38'),(1604,25,-92.3241,38.9446,'2016-04-15 14:36:38'),(1605,4,-92.3239,38.9437,'2016-04-15 14:36:42'),(1606,25,-92.3239,38.9437,'2016-04-15 14:36:42'),(1607,4,-92.3241,38.9446,'2016-04-15 14:36:44'),(1608,25,-92.3241,38.9446,'2016-04-15 14:36:44'),(1609,25,-92.324,38.9447,'2016-04-15 14:48:56'),(1610,25,-92.324,38.9448,'2016-04-15 14:49:02'),(1611,25,-92.3238,38.9448,'2016-04-15 14:49:08'),(1612,4,-92.324,38.9439,'2016-04-15 14:53:31'),(1613,25,-92.324,38.9439,'2016-04-15 14:53:31'),(1614,25,-92.3241,38.9441,'2016-04-15 14:53:37'),(1615,4,-92.3241,38.9441,'2016-04-15 14:53:37'),(1616,25,-92.324,38.9444,'2016-04-15 14:53:43'),(1617,4,-92.324,38.9444,'2016-04-15 14:53:43'),(1618,25,-92.3241,38.9443,'2016-04-15 14:53:49'),(1619,4,-92.3241,38.9443,'2016-04-15 14:53:49'),(1620,25,-92.3241,38.944,'2016-04-15 14:53:55'),(1621,4,-92.3241,38.944,'2016-04-15 14:53:55'),(1622,4,-92.3242,38.9439,'2016-04-15 14:54:01'),(1623,25,-92.3242,38.9439,'2016-04-15 14:54:07'),(1624,4,-92.3242,38.9439,'2016-04-15 14:54:07'),(1625,25,-92.3241,38.9449,'2016-04-15 14:54:10'),(1626,4,-92.3241,38.9449,'2016-04-15 14:54:10'),(1627,25,-92.3242,38.9443,'2016-04-15 14:54:14'),(1628,4,-92.3242,38.9443,'2016-04-15 14:54:14'),(1629,25,-92.3241,38.9447,'2016-04-15 14:54:20'),(1630,4,-92.3241,38.9447,'2016-04-15 14:54:20'),(1631,25,-92.324,38.9449,'2016-04-15 14:54:25'),(1632,4,-92.324,38.9449,'2016-04-15 14:54:25'),(1633,4,-92.3241,38.9448,'2016-04-15 14:54:31'),(1634,25,-92.3241,38.9448,'2016-04-15 14:54:31'),(1635,25,-92.3241,38.9448,'2016-04-15 14:54:37'),(1636,4,-92.3241,38.9448,'2016-04-15 14:54:37'),(1637,4,-92.3241,38.9448,'2016-04-15 14:54:43'),(1638,25,-92.3241,38.9448,'2016-04-15 14:54:43'),(1639,25,-92.3241,38.9447,'2016-04-15 14:54:49'),(1640,4,-92.3241,38.9447,'2016-04-15 14:54:49'),(1641,25,-92.3241,38.9447,'2016-04-15 14:54:55'),(1642,4,-92.3241,38.9447,'2016-04-15 14:54:55'),(1643,25,-92.3241,38.9449,'2016-04-15 14:55:01'),(1644,4,-92.3241,38.9449,'2016-04-15 14:55:01'),(1645,25,-92.324,38.9447,'2016-04-15 14:55:03'),(1646,4,-92.324,38.9447,'2016-04-15 14:55:03'),(1647,25,-92.324,38.9446,'2016-04-15 14:55:07'),(1648,4,-92.324,38.9446,'2016-04-15 14:55:07'),(1649,25,-92.3241,38.9446,'2016-04-15 14:55:15'),(1650,4,-92.3241,38.9446,'2016-04-15 14:55:15'),(1651,4,-92.3241,38.9446,'2016-04-15 14:55:20'),(1652,25,-92.3241,38.9446,'2016-04-15 14:55:20'),(1653,25,-92.3241,38.9446,'2016-04-15 14:55:25'),(1654,4,-92.3241,38.9446,'2016-04-15 14:55:25'),(1655,25,-92.3241,38.9445,'2016-04-15 14:55:33'),(1656,25,-92.3241,38.9446,'2016-04-15 14:55:39'),(1657,4,-92.3241,38.9446,'2016-04-15 14:55:44'),(1658,25,-92.3241,38.9446,'2016-04-15 14:55:44'),(1659,25,-92.3241,38.9446,'2016-04-15 14:55:51'),(1660,25,-92.3241,38.9449,'2016-04-15 14:55:53'),(1661,4,-92.3241,38.9445,'2016-04-15 14:55:56'),(1662,25,-92.3241,38.9445,'2016-04-15 14:56:02'),(1663,4,-92.3241,38.9445,'2016-04-15 14:56:02'),(1664,25,-92.3241,38.9445,'2016-04-15 14:56:08'),(1665,4,-92.3241,38.9445,'2016-04-15 14:56:08'),(1666,25,-92.3241,38.9445,'2016-04-15 14:56:17'),(1667,4,-92.3241,38.9445,'2016-04-15 14:56:17'),(1668,25,-92.3242,38.9445,'2016-04-15 14:56:23'),(1669,4,-92.3242,38.9445,'2016-04-15 14:56:23'),(1670,25,-92.3242,38.9445,'2016-04-15 14:56:29'),(1671,4,-92.3242,38.9445,'2016-04-15 14:56:29'),(1672,25,-92.3242,38.9444,'2016-04-15 14:56:35'),(1673,4,-92.3242,38.9444,'2016-04-15 14:56:35'),(1674,25,-92.3241,38.9443,'2016-04-15 14:56:41'),(1675,4,-92.3241,38.9443,'2016-04-15 14:56:41'),(1676,25,-92.3241,38.9449,'2016-04-15 14:56:44'),(1677,4,-92.3241,38.9449,'2016-04-15 14:56:44'),(1678,25,-92.3241,38.9443,'2016-04-15 14:56:47'),(1679,4,-92.3241,38.9443,'2016-04-15 14:56:47'),(1680,25,-92.3241,38.9443,'2016-04-15 14:56:59'),(1681,4,-92.3241,38.9443,'2016-04-15 14:56:59'),(1682,25,-92.3241,38.9443,'2016-04-15 14:57:05'),(1683,4,-92.3241,38.9443,'2016-04-15 14:57:05'),(1684,4,-92.3241,38.9443,'2016-04-15 14:57:12'),(1685,25,-92.3241,38.9443,'2016-04-15 14:57:12'),(1686,4,-92.3241,38.9444,'2016-04-15 14:57:17'),(1687,25,-92.3241,38.9444,'2016-04-15 14:57:17'),(1688,25,-92.3241,38.9442,'2016-04-15 14:57:23'),(1689,4,-92.3241,38.9442,'2016-04-15 14:57:23'),(1690,25,-92.3241,38.9442,'2016-04-15 14:57:29'),(1691,4,-92.3241,38.9442,'2016-04-15 14:57:29'),(1692,4,-92.3241,38.9449,'2016-04-15 14:57:35'),(1693,25,-92.3241,38.9449,'2016-04-15 14:57:35'),(1694,4,-92.3241,38.9442,'2016-04-15 14:57:35'),(1695,25,-92.3241,38.9442,'2016-04-15 14:57:35'),(1696,25,-92.3241,38.9441,'2016-04-15 14:57:41'),(1697,4,-92.3241,38.9441,'2016-04-15 14:57:41'),(1698,25,-92.3241,38.9441,'2016-04-15 14:57:48'),(1699,4,-92.3241,38.9441,'2016-04-15 14:57:48'),(1700,25,-92.3241,38.9442,'2016-04-15 14:57:53'),(1701,4,-92.3241,38.9442,'2016-04-15 14:57:53'),(1702,25,-92.324,38.9442,'2016-04-15 14:57:59'),(1703,4,-92.324,38.9442,'2016-04-15 14:57:59'),(1704,25,-92.324,38.9442,'2016-04-15 14:58:05'),(1705,4,-92.324,38.9442,'2016-04-15 14:58:05'),(1706,25,-92.324,38.9442,'2016-04-15 14:58:11'),(1707,4,-92.324,38.9442,'2016-04-15 14:58:11'),(1708,25,-92.324,38.9443,'2016-04-15 14:58:17'),(1709,4,-92.324,38.9443,'2016-04-15 14:58:17'),(1710,25,-92.324,38.9443,'2016-04-15 14:58:27'),(1711,4,-92.324,38.9443,'2016-04-15 14:58:27'),(1712,25,-92.3241,38.9449,'2016-04-15 14:58:27'),(1713,4,-92.3241,38.9449,'2016-04-15 14:58:27'),(1714,4,-92.324,38.9444,'2016-04-15 14:58:30'),(1715,25,-92.324,38.9444,'2016-04-15 14:58:30'),(1716,4,-92.324,38.9445,'2016-04-15 14:58:35'),(1717,25,-92.324,38.9445,'2016-04-15 14:58:35'),(1718,25,-92.3242,38.9441,'2016-04-15 14:58:41'),(1719,4,-92.3242,38.9441,'2016-04-15 14:58:41'),(1720,25,-92.3239,38.9438,'2016-04-15 14:58:47'),(1721,4,-92.3239,38.9438,'2016-04-15 14:58:47'),(1722,25,-92.3239,38.9441,'2016-04-15 14:58:53'),(1723,4,-92.3239,38.9441,'2016-04-15 14:58:53'),(1724,25,-92.3239,38.9442,'2016-04-15 14:58:59'),(1725,4,-92.3239,38.9442,'2016-04-15 14:58:59'),(1726,25,-92.3243,38.9444,'2016-04-15 14:59:06'),(1727,4,-92.3243,38.9444,'2016-04-15 14:59:06'),(1728,25,-92.3242,38.9444,'2016-04-15 14:59:11'),(1729,4,-92.3242,38.9444,'2016-04-15 14:59:11'),(1730,25,-92.324,38.9445,'2016-04-15 14:59:17'),(1731,25,-92.3241,38.9449,'2016-04-15 14:59:17'),(1732,25,-92.3239,38.9443,'2016-04-15 14:59:23'),(1733,4,-92.3239,38.9443,'2016-04-15 14:59:23'),(1734,4,-92.3241,38.9441,'2016-04-15 14:59:30'),(1735,25,-92.3241,38.9441,'2016-04-15 14:59:30'),(1736,4,-92.3242,38.9446,'2016-04-15 14:59:35'),(1737,25,-92.3242,38.9446,'2016-04-15 14:59:35'),(1738,25,-92.3243,38.9443,'2016-04-15 14:59:48'),(1739,4,-92.3243,38.9443,'2016-04-15 14:59:48'),(1740,25,-92.3245,38.9443,'2016-04-15 14:59:54'),(1741,4,-92.3245,38.9443,'2016-04-15 14:59:54'),(1742,25,-92.3243,38.9444,'2016-04-15 14:59:59'),(1743,4,-92.3243,38.9444,'2016-04-15 14:59:59'),(1744,4,-92.3243,38.9443,'2016-04-15 15:00:05'),(1745,25,-92.3241,38.9449,'2016-04-15 15:00:08'),(1746,4,-92.3241,38.9449,'2016-04-15 15:00:08'),(1747,25,-92.3242,38.9443,'2016-04-15 15:00:11'),(1748,4,-92.3242,38.9443,'2016-04-15 15:00:11'),(1749,25,-92.3241,38.9444,'2016-04-15 15:00:17'),(1750,4,-92.3241,38.9444,'2016-04-15 15:00:17'),(1751,25,-92.324,38.9444,'2016-04-15 15:00:24'),(1752,4,-92.324,38.9444,'2016-04-15 15:00:29'),(1753,25,-92.324,38.9444,'2016-04-15 15:00:29'),(1754,25,-92.3241,38.9445,'2016-04-15 15:00:35'),(1755,4,-92.3241,38.9445,'2016-04-15 15:00:35'),(1756,25,-92.324,38.9446,'2016-04-15 15:00:41'),(1757,4,-92.324,38.9446,'2016-04-15 15:00:41'),(1758,25,-92.3241,38.9446,'2016-04-15 15:00:47'),(1759,4,-92.3241,38.9446,'2016-04-15 15:00:47'),(1760,25,-92.324,38.9446,'2016-04-15 15:00:55'),(1761,4,-92.324,38.9446,'2016-04-15 15:00:55'),(1762,25,-92.3241,38.9449,'2016-04-15 15:00:59'),(1763,4,-92.3241,38.9449,'2016-04-15 15:00:59'),(1764,25,-92.3241,38.9447,'2016-04-15 15:01:01'),(1765,4,-92.3241,38.9447,'2016-04-15 15:01:01'),(1766,25,-92.3245,38.9454,'2016-04-15 15:01:08'),(1767,4,-92.3245,38.9454,'2016-04-15 15:01:08'),(1768,25,-92.3249,38.9448,'2016-04-15 15:01:14'),(1769,4,-92.3249,38.9448,'2016-04-15 15:01:14'),(1770,25,-92.3245,38.9447,'2016-04-15 15:01:19'),(1771,4,-92.3245,38.9447,'2016-04-15 15:01:19'),(1772,25,-92.3242,38.9447,'2016-04-15 15:01:26'),(1773,4,-92.3242,38.9447,'2016-04-15 15:01:26'),(1774,4,-92.3241,38.9445,'2016-04-15 15:01:32'),(1775,4,-92.3241,38.9446,'2016-04-15 15:01:37'),(1776,4,-92.324,38.9446,'2016-04-15 15:01:43'),(1777,4,-92.3241,38.9449,'2016-04-15 15:01:49'),(1778,25,-92.3241,38.9449,'2016-04-15 15:01:49'),(1779,4,-92.3241,38.9445,'2016-04-15 15:01:49'),(1780,25,-92.3241,38.9445,'2016-04-15 15:01:49'),(1781,4,-92.3241,38.9444,'2016-04-15 15:01:56'),(1782,25,-92.3241,38.9444,'2016-04-15 15:01:56'),(1783,25,-92.324,38.9446,'2016-04-15 15:02:01'),(1784,4,-92.324,38.9446,'2016-04-15 15:02:01'),(1785,25,-92.324,38.9446,'2016-04-15 15:02:08'),(1786,4,-92.324,38.9446,'2016-04-15 15:02:08'),(1787,4,-92.324,38.9446,'2016-04-15 15:02:13'),(1788,25,-92.324,38.9446,'2016-04-15 15:02:13'),(1789,25,-92.324,38.9446,'2016-04-15 15:02:19'),(1790,4,-92.324,38.9446,'2016-04-15 15:02:19'),(1791,4,-92.3241,38.9443,'2016-04-15 15:02:26'),(1792,25,-92.3241,38.9443,'2016-04-15 15:02:26'),(1793,4,-92.3241,38.9445,'2016-04-15 15:02:32'),(1794,25,-92.3241,38.9445,'2016-04-15 15:02:32'),(1795,25,-92.3241,38.9446,'2016-04-15 15:02:37'),(1796,4,-92.3241,38.9446,'2016-04-15 15:02:37'),(1797,25,-92.3241,38.9449,'2016-04-15 15:02:40'),(1798,4,-92.3241,38.9449,'2016-04-15 15:02:40'),(1799,4,-92.324,38.9445,'2016-04-15 15:02:45'),(1800,4,-92.324,38.9445,'2016-04-15 15:02:51'),(1801,4,-92.3239,38.9446,'2016-04-15 15:02:56'),(1802,25,-92.3239,38.9446,'2016-04-15 15:02:56'),(1803,4,-92.324,38.9446,'2016-04-15 15:03:03'),(1804,25,-92.324,38.9446,'2016-04-15 15:03:03'),(1805,4,-92.324,38.9446,'2016-04-15 15:03:10'),(1806,25,-92.324,38.9446,'2016-04-15 15:03:10'),(1807,4,-92.3238,38.9446,'2016-04-15 15:03:15'),(1808,25,-92.3238,38.9446,'2016-04-15 15:03:15'),(1809,25,-92.3237,38.9446,'2016-04-15 15:03:20'),(1810,4,-92.3237,38.9446,'2016-04-15 15:03:20'),(1811,25,-92.3236,38.9446,'2016-04-15 15:03:26'),(1812,4,-92.3236,38.9446,'2016-04-15 15:03:26'),(1813,25,-92.3241,38.9449,'2016-04-15 15:03:31'),(1814,4,-92.3241,38.9449,'2016-04-15 15:03:31'),(1815,25,-92.3238,38.9445,'2016-04-15 15:03:32'),(1816,4,-92.3238,38.9445,'2016-04-15 15:03:32'),(1817,4,-92.324,38.9446,'2016-04-15 15:03:38'),(1818,25,-92.324,38.9446,'2016-04-15 15:03:38'),(1819,25,-92.324,38.9445,'2016-04-15 15:03:44'),(1820,4,-92.324,38.9445,'2016-04-15 15:03:44'),(1821,4,-92.324,38.9445,'2016-04-15 15:03:50'),(1822,25,-92.324,38.9445,'2016-04-15 15:03:50'),(1823,25,-92.324,38.9447,'2016-04-15 15:03:56'),(1824,4,-92.324,38.9447,'2016-04-15 15:03:56'),(1825,4,-92.3239,38.9447,'2016-04-15 15:04:05'),(1826,25,-92.3239,38.9447,'2016-04-15 15:04:05'),(1827,4,-92.3237,38.9448,'2016-04-15 15:04:10'),(1828,25,-92.3237,38.9448,'2016-04-15 15:04:10'),(1829,4,-92.3231,38.945,'2016-04-15 15:04:16'),(1830,25,-92.3231,38.945,'2016-04-15 15:04:16'),(1831,25,-92.324,38.9446,'2016-04-15 15:04:22'),(1832,4,-92.324,38.9446,'2016-04-15 15:04:22'),(1833,25,-92.3241,38.9449,'2016-04-15 15:04:22'),(1834,4,-92.3241,38.9449,'2016-04-15 15:04:22'),(1835,4,-92.3244,38.9442,'2016-04-15 15:04:27'),(1836,25,-92.3244,38.9442,'2016-04-15 15:04:27'),(1837,4,-92.3243,38.9441,'2016-04-15 15:04:35'),(1838,25,-92.3243,38.9441,'2016-04-15 15:04:35'),(1839,4,-92.3242,38.9444,'2016-04-15 15:04:40'),(1840,25,-92.3242,38.9444,'2016-04-15 15:04:40'),(1841,4,-92.3243,38.9445,'2016-04-15 15:04:46'),(1842,25,-92.3243,38.9445,'2016-04-15 15:04:46'),(1843,4,-92.3243,38.9439,'2016-04-15 15:04:52'),(1844,4,-92.3244,38.9436,'2016-04-15 15:04:59'),(1845,25,-92.3244,38.9436,'2016-04-15 15:04:59'),(1846,4,-92.3244,38.9436,'2016-04-15 15:05:04'),(1847,4,-92.3242,38.9438,'2016-04-15 15:05:10'),(1848,25,-92.3242,38.9438,'2016-04-15 15:05:10'),(1849,4,-92.3241,38.9449,'2016-04-15 15:05:12'),(1850,25,-92.3241,38.9449,'2016-04-15 15:05:12'),(1851,25,-92.3241,38.9439,'2016-04-15 15:05:16'),(1852,4,-92.3241,38.9439,'2016-04-15 15:05:16'),(1853,25,-92.3241,38.9442,'2016-04-15 15:05:22'),(1854,4,-92.3241,38.9442,'2016-04-15 15:05:22'),(1855,4,-92.3242,38.9441,'2016-04-15 15:05:28'),(1856,25,-92.3242,38.9441,'2016-04-15 15:05:28'),(1857,25,-92.3241,38.9443,'2016-04-15 15:05:34'),(1858,4,-92.3241,38.9443,'2016-04-15 15:05:34'),(1859,4,-92.3241,38.9445,'2016-04-15 15:05:40'),(1860,25,-92.3241,38.9445,'2016-04-15 15:05:40'),(1861,25,-92.3241,38.9444,'2016-04-15 15:05:46'),(1862,4,-92.3241,38.9444,'2016-04-15 15:05:46'),(1863,25,-92.324,38.9445,'2016-04-15 15:05:54'),(1864,4,-92.324,38.9445,'2016-04-15 15:05:54'),(1865,25,-92.324,38.9446,'2016-04-15 15:05:58'),(1866,4,-92.324,38.9446,'2016-04-15 15:05:58'),(1867,25,-92.3241,38.9449,'2016-04-15 15:06:03'),(1868,4,-92.3241,38.9449,'2016-04-15 15:06:03'),(1869,25,-92.324,38.9445,'2016-04-15 15:06:04'),(1870,4,-92.324,38.9445,'2016-04-15 15:06:04'),(1871,25,-92.3243,38.9433,'2016-04-15 15:06:11'),(1872,4,-92.3243,38.9433,'2016-04-15 15:06:11'),(1873,25,-92.324,38.9444,'2016-04-15 15:06:20'),(1874,4,-92.324,38.9444,'2016-04-15 15:06:20'),(1875,25,-92.3239,38.9447,'2016-04-15 15:06:22'),(1876,4,-92.3239,38.9447,'2016-04-15 15:06:22'),(1877,25,-92.3231,38.9449,'2016-04-15 15:06:29'),(1878,4,-92.3231,38.9449,'2016-04-15 15:06:29'),(1879,25,-92.3234,38.9448,'2016-04-15 15:06:35'),(1880,4,-92.3234,38.9448,'2016-04-15 15:06:35'),(1881,25,-92.3234,38.9448,'2016-04-15 15:06:40'),(1882,4,-92.3234,38.9448,'2016-04-15 15:06:40'),(1883,4,-92.324,38.9445,'2016-04-15 15:06:47'),(1884,25,-92.324,38.9445,'2016-04-15 15:06:47'),(1885,25,-92.3239,38.9446,'2016-04-15 15:06:52'),(1886,4,-92.3239,38.9446,'2016-04-15 15:06:52'),(1887,25,-92.3241,38.9449,'2016-04-15 15:06:58'),(1888,4,-92.3241,38.9449,'2016-04-15 15:06:58'),(1889,4,-92.324,38.9446,'2016-04-15 15:07:00'),(1890,25,-92.324,38.9446,'2016-04-15 15:07:00'),(1891,4,-92.3239,38.9446,'2016-04-15 15:07:06'),(1892,25,-92.3239,38.9446,'2016-04-15 15:07:06'),(1893,4,-92.3239,38.9446,'2016-04-15 15:07:12'),(1894,25,-92.3239,38.9446,'2016-04-15 15:07:12'),(1895,25,-92.3238,38.9446,'2016-04-15 15:07:19'),(1896,4,-92.3238,38.9446,'2016-04-15 15:07:19'),(1897,25,-92.3234,38.9444,'2016-04-15 15:07:24'),(1898,4,-92.3234,38.9444,'2016-04-15 15:07:24'),(1899,25,-92.3232,38.944,'2016-04-15 15:07:30'),(1900,4,-92.3232,38.944,'2016-04-15 15:07:30'),(1901,25,-92.3226,38.9439,'2016-04-15 15:07:36'),(1902,4,-92.3226,38.9439,'2016-04-15 15:07:36'),(1903,25,-92.3222,38.9437,'2016-04-15 15:07:42'),(1904,4,-92.3222,38.9437,'2016-04-15 15:07:42'),(1905,25,-92.3221,38.9437,'2016-04-15 15:07:48'),(1906,4,-92.3221,38.9437,'2016-04-15 15:07:48'),(1907,25,-92.3241,38.9449,'2016-04-15 15:07:49'),(1908,4,-92.3241,38.9449,'2016-04-15 15:07:49'),(1909,25,-92.3223,38.9437,'2016-04-15 15:07:54'),(1910,4,-92.3223,38.9437,'2016-04-15 15:07:54'),(1911,25,-92.3238,38.9444,'2016-04-15 15:08:00'),(1912,4,-92.3238,38.9444,'2016-04-15 15:08:00'),(1913,25,-92.3235,38.9442,'2016-04-15 15:08:06'),(1914,4,-92.3235,38.9442,'2016-04-15 15:08:06'),(1915,25,-92.324,38.9445,'2016-04-15 15:08:12'),(1916,4,-92.324,38.9445,'2016-04-15 15:08:12'),(1917,25,-92.3242,38.9444,'2016-04-15 15:08:18'),(1918,4,-92.3242,38.9444,'2016-04-15 15:08:18'),(1919,25,-92.3242,38.9445,'2016-04-15 15:08:24'),(1920,4,-92.3242,38.9445,'2016-04-15 15:08:24'),(1921,4,-92.3239,38.9446,'2016-04-15 15:08:30'),(1922,25,-92.3239,38.9446,'2016-04-15 15:08:30'),(1923,25,-92.3241,38.9444,'2016-04-15 15:08:36'),(1924,4,-92.3241,38.9444,'2016-04-15 15:08:36'),(1925,25,-92.3241,38.9449,'2016-04-15 15:08:40'),(1926,4,-92.3241,38.9449,'2016-04-15 15:08:40'),(1927,25,-92.3245,38.9446,'2016-04-15 15:08:42'),(1928,4,-92.3245,38.9446,'2016-04-15 15:08:42'),(1929,25,-92.3245,38.9448,'2016-04-15 15:08:48'),(1930,4,-92.3245,38.9448,'2016-04-15 15:08:48'),(1931,25,-92.3245,38.9445,'2016-04-15 15:08:54'),(1932,4,-92.3245,38.9445,'2016-04-15 15:08:54'),(1933,25,-92.3244,38.9445,'2016-04-15 15:09:00'),(1934,4,-92.3244,38.9445,'2016-04-15 15:09:00'),(1935,4,-92.3241,38.9446,'2016-04-15 15:09:06'),(1936,25,-92.3241,38.9446,'2016-04-15 15:09:06'),(1937,25,-92.324,38.9446,'2016-04-15 15:16:16'),(1938,4,-92.324,38.9446,'2016-04-15 15:16:16'),(1939,25,-92.3239,38.9446,'2016-04-15 15:16:17'),(1940,4,-92.3239,38.9446,'2016-04-15 15:16:17'),(1941,25,-92.324,38.9445,'2016-04-15 15:16:21'),(1942,4,-92.324,38.9445,'2016-04-15 15:16:21'),(1943,25,-92.3239,38.9446,'2016-04-15 15:16:26'),(1944,4,-92.3239,38.9446,'2016-04-15 15:16:26'),(1945,25,-92.3238,38.9445,'2016-04-15 15:16:39'),(1946,4,-92.3238,38.9445,'2016-04-15 15:16:39'),(1947,4,-92.3241,38.9445,'2016-04-15 15:16:44'),(1948,25,-92.3241,38.9445,'2016-04-15 15:16:44'),(1949,25,-92.3241,38.9445,'2016-04-15 15:16:51'),(1950,4,-92.3241,38.9445,'2016-04-15 15:16:51'),(1951,25,-92.324,38.9445,'2016-04-15 15:16:57'),(1952,4,-92.324,38.9445,'2016-04-15 15:16:57'),(1953,25,-92.3238,38.9444,'2016-04-15 15:17:02'),(1954,4,-92.3238,38.9444,'2016-04-15 15:17:02'),(1955,25,-92.324,38.9446,'2016-04-15 15:17:07'),(1956,4,-92.324,38.9446,'2016-04-15 15:17:07'),(1957,25,-92.3241,38.9446,'2016-04-15 15:17:08'),(1958,4,-92.3241,38.9446,'2016-04-15 15:17:08'),(1959,25,-92.3241,38.9446,'2016-04-15 15:17:15'),(1960,4,-92.3241,38.9446,'2016-04-15 15:17:15'),(1961,25,-92.324,38.9446,'2016-04-15 15:17:21'),(1962,4,-92.324,38.9446,'2016-04-15 15:17:21'),(1963,25,-92.3241,38.9446,'2016-04-15 15:17:30'),(1964,4,-92.3241,38.9446,'2016-04-15 15:17:30'),(1965,4,-92.3241,38.9447,'2016-04-15 15:17:36'),(1966,25,-92.3241,38.9447,'2016-04-15 15:17:36'),(1967,4,-92.3241,38.9447,'2016-04-15 15:17:42'),(1968,25,-92.3241,38.9447,'2016-04-15 15:17:42'),(1969,25,-92.3241,38.9447,'2016-04-15 15:17:47'),(1970,4,-92.3241,38.9447,'2016-04-15 15:17:47'),(1971,4,-92.3242,38.9447,'2016-04-15 15:17:54'),(1972,25,-92.3242,38.9447,'2016-04-15 15:17:54'),(1973,4,-92.324,38.9446,'2016-04-15 15:17:58'),(1974,25,-92.324,38.9446,'2016-04-15 15:17:58'),(1975,4,-92.3242,38.9447,'2016-04-15 15:18:00'),(1976,25,-92.3242,38.9447,'2016-04-15 15:18:00'),(1977,4,-92.3241,38.9446,'2016-04-15 15:18:06'),(1978,25,-92.3241,38.9446,'2016-04-15 15:18:06'),(1979,25,-92.3242,38.9446,'2016-04-15 15:18:11'),(1980,4,-92.3242,38.9446,'2016-04-15 15:18:11'),(1981,25,-92.3243,38.9446,'2016-04-15 15:18:18'),(1982,4,-92.3243,38.9446,'2016-04-15 15:18:18'),(1983,25,-92.3243,38.9447,'2016-04-15 15:18:24'),(1984,4,-92.3243,38.9447,'2016-04-15 15:18:30'),(1985,25,-92.3243,38.9447,'2016-04-15 15:18:30'),(1986,4,-92.3245,38.9447,'2016-04-15 15:18:36'),(1987,25,-92.3245,38.9447,'2016-04-15 15:18:36'),(1988,4,-92.3244,38.9447,'2016-04-15 15:18:43'),(1989,25,-92.3244,38.9447,'2016-04-15 15:18:43'),(1990,25,-92.324,38.9446,'2016-04-15 15:18:49'),(1991,25,-92.3241,38.9446,'2016-04-15 15:18:49'),(1992,4,-92.324,38.9446,'2016-04-15 15:18:54'),(1993,25,-92.324,38.9446,'2016-04-15 15:18:54'),(1994,25,-92.3241,38.9446,'2016-04-15 15:19:02'),(1995,4,-92.3241,38.9446,'2016-04-15 15:19:02'),(1996,25,-92.3241,38.9446,'2016-04-15 15:19:07'),(1997,4,-92.3241,38.9446,'2016-04-15 15:19:07'),(1998,4,-92.3239,38.9447,'2016-04-15 15:19:12'),(1999,25,-92.3239,38.9447,'2016-04-15 15:19:12'),(2000,25,-92.3236,38.9447,'2016-04-15 15:19:19'),(2001,4,-92.3236,38.9447,'2016-04-15 15:19:19'),(2002,25,-92.3241,38.9447,'2016-04-15 15:19:25'),(2003,4,-92.3241,38.9447,'2016-04-15 15:19:25'),(2004,25,-92.3243,38.9447,'2016-04-15 15:19:31'),(2005,4,-92.3243,38.9447,'2016-04-15 15:19:31'),(2006,4,-92.3243,38.9446,'2016-04-15 15:19:37'),(2007,25,-92.3243,38.9446,'2016-04-15 15:19:37'),(2008,4,-92.324,38.9446,'2016-04-15 15:19:40'),(2009,25,-92.324,38.9446,'2016-04-15 15:19:40'),(2010,4,-92.3256,38.9442,'2016-04-15 15:19:43'),(2011,25,-92.3256,38.9442,'2016-04-15 15:19:43'),(2012,25,-92.3242,38.9443,'2016-04-15 15:19:49'),(2013,4,-92.3242,38.9443,'2016-04-15 15:19:49'),(2014,25,-92.3241,38.9445,'2016-04-15 15:19:54'),(2015,4,-92.3241,38.9445,'2016-04-15 15:19:54'),(2016,25,-92.3246,38.945,'2016-04-15 15:20:01'),(2017,4,-92.3246,38.945,'2016-04-15 15:20:01'),(2018,25,-92.3239,38.9451,'2016-04-15 15:20:07'),(2019,4,-92.3239,38.9451,'2016-04-15 15:20:07'),(2020,25,-92.3229,38.9456,'2016-04-15 15:20:12'),(2021,4,-92.3229,38.9456,'2016-04-15 15:20:12'),(2022,25,-92.324,38.9446,'2016-04-15 15:20:30'),(2023,4,-92.324,38.9446,'2016-04-15 15:20:30'),(2024,4,-92.3233,38.9445,'2016-04-15 15:20:46'),(2025,25,-92.3233,38.9445,'2016-04-15 15:20:46'),(2026,4,-92.324,38.9445,'2016-04-15 15:20:51'),(2027,4,-92.3239,38.9445,'2016-04-15 15:20:58'),(2028,4,-92.3242,38.9442,'2016-04-15 15:21:08'),(2029,4,-92.3242,38.9446,'2016-04-15 15:21:13'),(2030,4,-92.3244,38.9447,'2016-04-15 15:21:20'),(2031,4,-92.324,38.9446,'2016-04-15 15:21:21'),(2032,4,-92.3249,38.945,'2016-04-15 15:21:26'),(2033,4,-92.3242,38.9447,'2016-04-15 15:21:32'),(2034,4,-92.3243,38.9445,'2016-04-15 15:21:38'),(2035,4,-92.3243,38.9445,'2016-04-15 15:21:44'),(2036,4,-92.3242,38.9446,'2016-04-15 15:21:50'),(2037,4,-92.3242,38.9449,'2016-04-15 15:21:55'),(2038,25,-92.3242,38.9449,'2016-04-15 15:21:55'),(2039,25,-92.3244,38.9451,'2016-04-15 15:22:02'),(2040,4,-92.3244,38.9451,'2016-04-15 15:22:02'),(2041,25,-92.3242,38.9444,'2016-04-15 15:22:08'),(2042,4,-92.3242,38.9444,'2016-04-15 15:22:08'),(2043,25,-92.324,38.9446,'2016-04-15 15:22:11'),(2044,4,-92.324,38.9446,'2016-04-15 15:22:11'),(2045,25,-92.324,38.9443,'2016-04-15 15:22:13'),(2046,4,-92.324,38.9443,'2016-04-15 15:22:13'),(2047,4,-92.324,38.9441,'2016-04-15 15:22:20'),(2048,25,-92.324,38.9441,'2016-04-15 15:22:20'),(2049,4,-92.3248,38.9437,'2016-04-15 15:22:26'),(2050,25,-92.3248,38.9437,'2016-04-15 15:22:26'),(2051,4,-92.3242,38.9437,'2016-04-15 15:22:32'),(2052,25,-92.3242,38.9437,'2016-04-15 15:22:32'),(2053,4,-92.324,38.9441,'2016-04-15 15:22:37'),(2054,25,-92.324,38.9441,'2016-04-15 15:22:37'),(2055,4,-92.3252,38.9432,'2016-04-15 15:22:45'),(2056,25,-92.3252,38.9432,'2016-04-15 15:22:45'),(2057,25,-92.3241,38.9444,'2016-04-15 15:22:52'),(2058,4,-92.3241,38.9444,'2016-04-15 15:22:52'),(2059,25,-92.3236,38.9447,'2016-04-15 15:22:57'),(2060,4,-92.3236,38.9447,'2016-04-15 15:22:57'),(2061,25,-92.324,38.9446,'2016-04-15 15:23:02'),(2062,4,-92.324,38.9446,'2016-04-15 15:23:02'),(2063,25,-92.3233,38.9447,'2016-04-15 15:23:04'),(2064,4,-92.3233,38.9447,'2016-04-15 15:23:04'),(2065,25,-92.3242,38.9447,'2016-04-15 15:23:31'),(2066,25,-92.324,38.9446,'2016-04-15 15:23:36'),(2067,4,-92.324,38.9446,'2016-04-15 15:23:36'),(2068,25,-92.3245,38.9445,'2016-04-15 15:23:43'),(2069,4,-92.3245,38.9445,'2016-04-15 15:23:43'),(2070,4,-92.3251,38.9446,'2016-04-15 15:23:49'),(2071,4,-92.324,38.9446,'2016-04-15 15:23:53'),(2072,4,-92.3245,38.9446,'2016-04-15 15:23:55'),(2073,4,-92.3244,38.9446,'2016-04-15 15:24:01'),(2074,25,-92.3244,38.9446,'2016-04-15 15:24:01'),(2075,4,-92.3248,38.9445,'2016-04-15 15:24:07'),(2076,25,-92.3248,38.9445,'2016-04-15 15:24:07'),(2077,4,-92.3241,38.9445,'2016-04-15 15:24:13'),(2078,25,-92.324,38.9445,'2016-04-15 15:24:18'),(2079,4,-92.324,38.9445,'2016-04-15 15:24:18'),(2080,25,-92.3242,38.9441,'2016-04-15 15:24:26'),(2081,4,-92.3242,38.9441,'2016-04-15 15:24:26'),(2082,4,-92.3241,38.9444,'2016-04-15 15:24:31'),(2083,25,-92.3241,38.9444,'2016-04-15 15:24:31'),(2084,4,-92.3243,38.9443,'2016-04-15 15:24:36'),(2085,25,-92.3243,38.9443,'2016-04-15 15:24:36'),(2086,4,-92.324,38.9443,'2016-04-15 15:24:43'),(2087,25,-92.324,38.9443,'2016-04-15 15:24:43'),(2088,4,-92.324,38.9446,'2016-04-15 15:24:44'),(2089,25,-92.324,38.9446,'2016-04-15 15:24:44'),(2090,4,-92.324,38.9443,'2016-04-15 15:24:49'),(2091,25,-92.324,38.9443,'2016-04-15 15:24:49'),(2092,4,-92.324,38.9446,'2016-04-15 15:24:54'),(2093,25,-92.324,38.9446,'2016-04-15 15:24:54'),(2094,4,-92.3237,38.9444,'2016-04-15 15:25:02'),(2095,25,-92.3237,38.9444,'2016-04-15 15:25:02'),(2096,4,-92.3233,38.9443,'2016-04-15 15:25:07'),(2097,25,-92.3233,38.9443,'2016-04-15 15:25:07'),(2098,4,-92.3228,38.9436,'2016-04-15 15:25:13'),(2099,25,-92.3228,38.9436,'2016-04-15 15:25:13'),(2100,4,-92.3243,38.9448,'2016-04-15 15:25:19'),(2101,25,-92.3243,38.9448,'2016-04-15 15:25:19'),(2102,25,-92.324,38.9449,'2016-04-15 15:25:24'),(2103,4,-92.324,38.9449,'2016-04-15 15:25:24'),(2104,25,-92.3234,38.9454,'2016-04-15 15:25:31'),(2105,4,-92.3234,38.9454,'2016-04-15 15:25:31'),(2106,25,-92.324,38.9446,'2016-04-15 15:25:35'),(2107,4,-92.324,38.9446,'2016-04-15 15:25:35'),(2108,25,-92.3236,38.945,'2016-04-15 15:25:37'),(2109,4,-92.3236,38.945,'2016-04-15 15:25:37'),(2110,25,-92.3238,38.9448,'2016-04-15 15:25:42'),(2111,4,-92.3238,38.9448,'2016-04-15 15:25:42'),(2112,25,-92.3243,38.9443,'2016-04-15 15:25:49'),(2113,4,-92.3243,38.9443,'2016-04-15 15:25:49'),(2114,4,-92.324,38.9445,'2016-04-15 15:25:55'),(2115,25,-92.324,38.9445,'2016-04-15 15:25:55'),(2116,4,-92.324,38.9446,'2016-04-15 15:26:00'),(2117,25,-92.324,38.9446,'2016-04-15 15:26:00'),(2118,25,-92.3238,38.9445,'2016-04-15 15:26:07'),(2119,4,-92.3238,38.9445,'2016-04-15 15:26:07'),(2120,4,-92.324,38.9446,'2016-04-15 15:26:27'),(2121,25,-92.324,38.9446,'2016-04-15 15:26:27'),(2122,4,-92.3222,38.9444,'2016-04-15 15:26:31'),(2123,25,-92.3222,38.9444,'2016-04-15 15:26:31'),(2124,25,-92.3218,38.9443,'2016-04-15 15:26:37'),(2125,4,-92.3218,38.9443,'2016-04-15 15:26:37'),(2126,4,-92.3239,38.9445,'2016-04-15 15:26:43'),(2127,4,-92.3239,38.9447,'2016-04-15 15:26:48'),(2128,25,-92.3239,38.9447,'2016-04-15 15:26:48'),(2129,4,-92.324,38.9444,'2016-04-15 15:26:55'),(2130,25,-92.324,38.9444,'2016-04-15 15:26:55'),(2131,4,-92.3241,38.9444,'2016-04-15 15:27:01'),(2132,25,-92.3241,38.9444,'2016-04-15 15:27:01'),(2133,4,-92.3238,38.9445,'2016-04-15 15:27:12'),(2134,25,-92.3238,38.9445,'2016-04-15 15:27:12'),(2135,4,-92.3222,38.9443,'2016-04-15 15:27:12'),(2136,25,-92.3222,38.9443,'2016-04-15 15:27:12'),(2137,4,-92.324,38.9446,'2016-04-15 15:27:18'),(2138,25,-92.324,38.9446,'2016-04-15 15:27:18'),(2139,4,-92.3204,38.9438,'2016-04-15 15:27:19'),(2140,25,-92.3204,38.9438,'2016-04-15 15:27:19'),(2141,4,-92.3241,38.9446,'2016-04-15 15:27:25'),(2142,25,-92.3241,38.9446,'2016-04-15 15:27:25'),(2143,4,-92.3258,38.9454,'2016-04-15 15:27:31'),(2144,25,-92.3258,38.9454,'2016-04-15 15:27:31'),(2145,4,-92.3262,38.9458,'2016-04-15 15:27:36'),(2146,4,-92.326,38.9456,'2016-04-15 15:27:46'),(2147,4,-92.3241,38.9447,'2016-04-15 15:27:49'),(2148,25,-92.3241,38.9447,'2016-04-15 15:27:49'),(2149,4,-92.3238,38.9453,'2016-04-15 15:27:55'),(2150,25,-92.3238,38.9453,'2016-04-15 15:27:55'),(2151,4,-92.3233,38.9461,'2016-04-15 15:28:02'),(2152,25,-92.3233,38.9461,'2016-04-15 15:28:02'),(2153,4,-92.3229,38.9467,'2016-04-15 15:28:07'),(2154,25,-92.3229,38.9467,'2016-04-15 15:28:07'),(2155,4,-92.324,38.9446,'2016-04-15 15:28:11'),(2156,25,-92.324,38.9446,'2016-04-15 15:28:11'),(2157,4,-92.3241,38.9446,'2016-04-15 15:28:13'),(2158,25,-92.3241,38.9446,'2016-04-15 15:28:13'),(2159,4,-92.3241,38.9447,'2016-04-15 15:28:18'),(2160,25,-92.3241,38.9447,'2016-04-15 15:28:18'),(2161,4,-92.3235,38.9454,'2016-04-15 15:28:26'),(2162,25,-92.3235,38.9454,'2016-04-15 15:28:26'),(2163,4,-92.324,38.9446,'2016-04-15 15:28:31'),(2164,25,-92.324,38.9446,'2016-04-15 15:28:31'),(2165,4,-92.3241,38.9446,'2016-04-15 15:28:37'),(2166,25,-92.3241,38.9446,'2016-04-15 15:28:37'),(2167,4,-92.3242,38.9448,'2016-04-15 15:28:43'),(2168,25,-92.3242,38.9448,'2016-04-15 15:28:43'),(2169,25,-92.3239,38.9447,'2016-04-15 15:28:49'),(2170,4,-92.3239,38.9447,'2016-04-15 15:28:55'),(2171,25,-92.3239,38.9447,'2016-04-15 15:28:55'),(2172,4,-92.3238,38.945,'2016-04-15 15:29:00'),(2173,25,-92.3238,38.945,'2016-04-15 15:29:00'),(2174,4,-92.324,38.9446,'2016-04-15 15:29:03'),(2175,25,-92.324,38.9446,'2016-04-15 15:29:03'),(2176,4,-92.3239,38.9449,'2016-04-15 15:29:07'),(2177,25,-92.3239,38.9449,'2016-04-15 15:29:07'),(2178,4,-92.3239,38.9447,'2016-04-15 15:29:13'),(2179,25,-92.3239,38.9447,'2016-04-15 15:29:13'),(2180,4,-92.324,38.9447,'2016-04-15 15:29:19'),(2181,25,-92.324,38.9447,'2016-04-15 15:29:19'),(2182,4,-92.324,38.9446,'2016-04-15 15:29:25'),(2183,25,-92.324,38.9446,'2016-04-15 15:29:25'),(2184,4,-92.3245,38.9451,'2016-04-15 15:29:31'),(2185,25,-92.3245,38.9451,'2016-04-15 15:29:31'),(2186,4,-92.3239,38.9445,'2016-04-15 15:29:37'),(2187,25,-92.3239,38.9445,'2016-04-15 15:29:37'),(2188,4,-92.324,38.9445,'2016-04-15 15:29:43'),(2189,4,-92.324,38.9445,'2016-04-15 15:29:49'),(2190,25,-92.324,38.9445,'2016-04-15 15:29:49'),(2191,4,-92.324,38.9446,'2016-04-15 15:29:54'),(2192,25,-92.324,38.9446,'2016-04-15 15:29:54'),(2193,4,-92.3248,38.9441,'2016-04-15 15:29:55'),(2194,25,-92.3248,38.9441,'2016-04-15 15:29:55'),(2195,4,-92.3254,38.944,'2016-04-15 15:30:00'),(2196,25,-92.3254,38.944,'2016-04-15 15:30:00'),(2197,25,-92.3256,38.944,'2016-04-15 15:30:07'),(2198,4,-92.3256,38.944,'2016-04-15 15:30:07'),(2199,4,-92.3232,38.9446,'2016-04-15 15:30:14'),(2200,25,-92.3232,38.9446,'2016-04-15 15:30:14'),(2201,4,-92.3235,38.9447,'2016-04-15 15:30:19'),(2202,25,-92.3235,38.9447,'2016-04-15 15:30:19'),(2203,4,-92.3231,38.9448,'2016-04-15 15:30:24'),(2204,25,-92.3231,38.9448,'2016-04-15 15:30:24'),(2205,4,-92.3231,38.9447,'2016-04-15 15:30:31'),(2206,25,-92.3231,38.9447,'2016-04-15 15:30:31'),(2207,4,-92.3238,38.9444,'2016-04-15 15:30:37'),(2208,25,-92.3238,38.9444,'2016-04-15 15:30:37'),(2209,25,-92.3239,38.9444,'2016-04-15 15:30:43'),(2210,4,-92.324,38.9446,'2016-04-15 15:30:44'),(2211,25,-92.324,38.9446,'2016-04-15 15:30:44'),(2212,4,-92.3244,38.9442,'2016-04-15 15:30:49'),(2213,25,-92.3244,38.9442,'2016-04-15 15:30:49'),(2214,4,-92.3241,38.9444,'2016-04-15 15:30:55'),(2215,25,-92.3241,38.9444,'2016-04-15 15:30:55'),(2216,4,-92.3239,38.9444,'2016-04-15 15:31:02'),(2217,25,-92.3239,38.9444,'2016-04-15 15:31:02'),(2218,4,-92.3239,38.9443,'2016-04-15 15:31:07'),(2219,25,-92.3239,38.9443,'2016-04-15 15:31:07'),(2220,4,-92.3242,38.944,'2016-04-15 15:31:13'),(2221,25,-92.3242,38.944,'2016-04-15 15:31:13'),(2222,4,-92.3261,38.9445,'2016-04-15 15:31:19'),(2223,25,-92.325,38.9443,'2016-04-15 15:31:24'),(2224,4,-92.3231,38.9446,'2016-04-15 15:31:31'),(2225,4,-92.324,38.9446,'2016-04-15 15:31:35'),(2226,4,-92.3235,38.9445,'2016-04-15 15:31:37'),(2227,25,-92.3235,38.9445,'2016-04-15 15:31:37'),(2228,4,-92.3237,38.9444,'2016-04-15 15:31:43'),(2229,25,-92.3237,38.9444,'2016-04-15 15:31:43'),(2230,4,-92.324,38.9445,'2016-04-15 15:31:49'),(2231,25,-92.324,38.9445,'2016-04-15 15:31:49'),(2232,4,-92.3245,38.9446,'2016-04-15 15:31:55'),(2233,25,-92.3245,38.9446,'2016-04-15 15:31:55'),(2234,4,-92.3242,38.945,'2016-04-15 15:32:21'),(2235,25,-92.3242,38.945,'2016-04-15 15:32:21'),(2236,25,-92.324,38.9446,'2016-04-15 15:32:26'),(2237,4,-92.324,38.9446,'2016-04-15 15:32:26'),(2238,25,-92.3244,38.9456,'2016-04-15 15:32:28'),(2239,4,-92.3244,38.9456,'2016-04-15 15:32:28'),(2240,25,-92.3237,38.9444,'2016-04-15 15:32:34'),(2241,4,-92.3243,38.9448,'2016-04-15 15:32:39'),(2242,25,-92.3243,38.9448,'2016-04-15 15:32:39'),(2243,4,-92.3244,38.9447,'2016-04-15 15:32:58'),(2244,25,-92.3244,38.9447,'2016-04-15 15:32:58'),(2245,4,-92.3242,38.9446,'2016-04-15 15:33:03'),(2246,25,-92.3242,38.9446,'2016-04-15 15:33:03'),(2247,4,-92.324,38.9446,'2016-04-15 15:33:16'),(2248,25,-92.324,38.9446,'2016-04-15 15:33:16'),(2249,25,-92.324,38.9449,'2016-04-15 15:33:19'),(2250,4,-92.3239,38.9448,'2016-04-15 15:33:24'),(2251,25,-92.3239,38.9448,'2016-04-15 15:33:24'),(2252,4,-92.3237,38.9447,'2016-04-15 15:33:32'),(2253,25,-92.3237,38.9447,'2016-04-15 15:33:32'),(2254,4,-92.3242,38.9447,'2016-04-15 15:33:39'),(2255,25,-92.3242,38.9447,'2016-04-15 15:33:39'),(2256,4,-92.3243,38.9447,'2016-04-15 15:33:43'),(2257,25,-92.3243,38.9447,'2016-04-15 15:33:43'),(2258,4,-92.3245,38.9446,'2016-04-15 15:33:52'),(2259,25,-92.3245,38.9446,'2016-04-15 15:33:52'),(2260,4,-92.3243,38.9447,'2016-04-15 15:33:58'),(2261,25,-92.3243,38.9447,'2016-04-15 15:33:58'),(2262,4,-92.3242,38.9445,'2016-04-15 15:34:03'),(2263,25,-92.3242,38.9445,'2016-04-15 15:34:03'),(2264,4,-92.324,38.9446,'2016-04-15 15:34:07'),(2265,25,-92.324,38.9446,'2016-04-15 15:34:07'),(2266,4,-92.324,38.9444,'2016-04-15 15:34:10'),(2267,25,-92.324,38.9444,'2016-04-15 15:34:10'),(2268,4,-92.3244,38.944,'2016-04-15 15:34:16'),(2269,25,-92.3244,38.944,'2016-04-15 15:34:16'),(2270,4,-92.3241,38.9445,'2016-04-15 15:34:22'),(2271,25,-92.3241,38.9445,'2016-04-15 15:34:22'),(2272,4,-92.3235,38.9448,'2016-04-15 15:34:28'),(2273,25,-92.3235,38.9448,'2016-04-15 15:34:28'),(2274,4,-92.3231,38.9448,'2016-04-15 15:34:34'),(2275,4,-92.324,38.9446,'2016-04-15 15:34:58'),(2276,25,-92.324,38.9446,'2016-04-15 15:34:58'),(2277,4,-92.3238,38.9445,'2016-04-15 15:35:17'),(2278,25,-92.3238,38.9445,'2016-04-15 15:35:17'),(2279,4,-92.3239,38.9446,'2016-04-15 15:35:23'),(2280,4,-92.3244,38.945,'2016-04-15 15:35:30'),(2281,4,-92.3242,38.9448,'2016-04-15 15:35:37'),(2282,4,-92.3243,38.9447,'2016-04-15 15:35:43'),(2283,25,-92.3243,38.9447,'2016-04-15 15:35:43'),(2284,4,-92.3245,38.9448,'2016-04-15 15:35:49'),(2285,25,-92.3245,38.9448,'2016-04-15 15:35:49'),(2286,4,-92.324,38.9446,'2016-04-15 15:35:55'),(2287,25,-92.324,38.9446,'2016-04-15 15:35:55'),(2288,4,-92.3243,38.9447,'2016-04-15 15:35:57'),(2289,25,-92.3243,38.9447,'2016-04-15 15:35:57'),(2290,4,-92.3241,38.9446,'2016-04-15 15:36:03'),(2291,25,-92.3241,38.9446,'2016-04-15 15:36:03'),(2292,4,-92.3245,38.9445,'2016-04-15 15:36:09'),(2293,25,-92.3245,38.9445,'2016-04-15 15:36:09'),(2294,4,-92.3242,38.9445,'2016-04-15 15:36:17'),(2295,25,-92.3242,38.9445,'2016-04-15 15:36:17'),(2296,4,-92.3242,38.9446,'2016-04-15 15:36:23'),(2297,25,-92.3242,38.9446,'2016-04-15 15:36:23'),(2298,4,-92.3243,38.9444,'2016-04-15 15:36:35'),(2299,4,-92.3241,38.9445,'2016-04-15 15:36:41'),(2300,4,-92.324,38.9446,'2016-04-15 15:36:45'),(2301,25,-92.324,38.9446,'2016-04-15 15:36:45'),(2302,4,-92.324,38.9448,'2016-04-15 15:36:47'),(2303,25,-92.324,38.9448,'2016-04-15 15:36:47'),(2304,4,-92.3241,38.9451,'2016-04-15 15:36:54'),(2305,25,-92.3241,38.9451,'2016-04-15 15:36:54'),(2306,4,-92.3243,38.9464,'2016-04-15 15:37:01'),(2307,25,-92.3243,38.9464,'2016-04-15 15:37:01'),(2308,4,-92.324,38.9445,'2016-04-15 15:37:09'),(2309,25,-92.324,38.9445,'2016-04-15 15:37:09'),(2310,4,-92.324,38.9445,'2016-04-15 15:37:12'),(2311,25,-92.324,38.9445,'2016-04-15 15:37:12'),(2312,4,-92.324,38.9446,'2016-04-15 15:37:18'),(2313,25,-92.324,38.9446,'2016-04-15 15:37:18'),(2314,4,-92.324,38.9446,'2016-04-15 15:37:24'),(2315,25,-92.324,38.9446,'2016-04-15 15:37:24'),(2316,4,-92.324,38.9446,'2016-04-15 15:37:36'),(2317,25,-92.324,38.9446,'2016-04-15 15:37:36'),(2318,4,-92.3239,38.9447,'2016-04-15 15:37:37'),(2319,25,-92.3239,38.9447,'2016-04-15 15:37:37'),(2320,4,-92.3239,38.9447,'2016-04-15 15:37:43'),(2321,25,-92.3239,38.9447,'2016-04-15 15:37:43'),(2322,4,-92.324,38.9447,'2016-04-15 15:37:49'),(2323,25,-92.324,38.9447,'2016-04-15 15:37:49'),(2324,4,-92.324,38.9447,'2016-04-15 15:37:55'),(2325,25,-92.324,38.9447,'2016-04-15 15:37:55'),(2326,25,-92.3239,38.9447,'2016-04-15 15:38:01'),(2327,25,-92.324,38.9447,'2016-04-15 15:38:07'),(2328,4,-92.324,38.9449,'2016-04-15 15:38:13'),(2329,4,-92.3245,38.9449,'2016-04-15 15:38:19'),(2330,25,-92.3245,38.9449,'2016-04-15 15:38:19'),(2331,4,-92.3241,38.9446,'2016-04-15 15:38:24'),(2332,25,-92.3241,38.9446,'2016-04-15 15:38:24'),(2333,4,-92.324,38.9446,'2016-04-15 15:38:27'),(2334,25,-92.324,38.9446,'2016-04-15 15:38:27'),(2335,4,-92.3239,38.9443,'2016-04-15 15:38:31'),(2336,25,-92.3239,38.9443,'2016-04-15 15:38:31'),(2337,4,-92.3239,38.9445,'2016-04-15 15:38:40'),(2338,25,-92.3239,38.9445,'2016-04-15 15:38:40'),(2339,4,-92.3239,38.9446,'2016-04-15 15:38:44'),(2340,25,-92.3239,38.9446,'2016-04-15 15:38:44'),(2341,25,-92.3237,38.9448,'2016-04-15 15:38:50'),(2342,4,-92.3239,38.9448,'2016-04-15 15:38:56'),(2343,25,-92.3239,38.9448,'2016-04-15 15:38:56'),(2344,4,-92.3239,38.9452,'2016-04-15 15:39:02'),(2345,25,-92.3239,38.9452,'2016-04-15 15:39:02'),(2346,4,-92.3239,38.946,'2016-04-15 15:39:08'),(2347,25,-92.3239,38.946,'2016-04-15 15:39:08'),(2348,4,-92.3238,38.946,'2016-04-15 15:39:14'),(2349,25,-92.3238,38.946,'2016-04-15 15:39:14'),(2350,25,-92.324,38.9446,'2016-04-15 15:39:17'),(2351,4,-92.324,38.9446,'2016-04-15 15:39:17'),(2352,25,-92.324,38.9457,'2016-04-15 15:39:19'),(2353,4,-92.324,38.9457,'2016-04-15 15:39:19'),(2354,4,-92.3239,38.9461,'2016-04-15 15:39:25'),(2355,25,-92.3239,38.9461,'2016-04-15 15:39:25'),(2356,4,-92.3239,38.946,'2016-04-15 15:39:31'),(2357,25,-92.3239,38.946,'2016-04-15 15:39:31'),(2358,4,-92.3239,38.9453,'2016-04-15 15:39:37'),(2359,25,-92.3239,38.9453,'2016-04-15 15:39:37'),(2360,4,-92.324,38.9446,'2016-04-15 16:08:15'),(2361,25,-92.324,38.9446,'2016-04-15 16:08:15'),(2362,4,-92.324,38.9448,'2016-04-15 16:08:21'),(2363,25,-92.324,38.9448,'2016-04-15 16:08:21'),(2364,4,-92.3241,38.9447,'2016-04-15 16:08:27'),(2365,25,-92.3241,38.9447,'2016-04-15 16:08:27'),(2366,4,-92.3244,38.9445,'2016-04-15 16:08:33'),(2367,25,-92.3244,38.9445,'2016-04-15 16:08:33'),(2368,25,-92.3244,38.9445,'2016-04-15 16:08:39'),(2369,4,-92.3244,38.9445,'2016-04-15 16:08:39'),(2370,25,-92.324,38.9446,'2016-04-15 16:08:45'),(2371,4,-92.324,38.9446,'2016-04-15 16:08:45'),(2372,25,-92.324,38.9446,'2016-04-15 16:08:51'),(2373,25,-92.324,38.9446,'2016-04-15 16:08:53'),(2374,4,-92.324,38.9445,'2016-04-15 16:08:57'),(2375,25,-92.324,38.9445,'2016-04-15 16:08:57'),(2376,4,-92.3239,38.9445,'2016-04-15 16:09:03'),(2377,25,-92.3239,38.9445,'2016-04-15 16:09:03'),(2378,25,-92.3238,38.9446,'2016-04-15 16:09:10'),(2379,4,-92.3238,38.9446,'2016-04-15 16:09:10'),(2380,25,-92.3238,38.9446,'2016-04-15 16:09:17'),(2381,4,-92.3238,38.9446,'2016-04-15 16:09:17'),(2382,4,-92.3239,38.9446,'2016-04-15 16:09:21'),(2383,25,-92.3239,38.9446,'2016-04-15 16:09:21'),(2384,4,-92.3239,38.9446,'2016-04-15 16:09:27'),(2385,25,-92.3239,38.9446,'2016-04-15 16:09:27'),(2386,4,-92.3239,38.9446,'2016-04-15 16:09:33'),(2387,25,-92.3239,38.9446,'2016-04-15 16:09:33'),(2388,4,-92.3239,38.9446,'2016-04-15 16:09:39'),(2389,25,-92.3241,38.9446,'2016-04-15 16:09:51'),(2390,4,-92.3241,38.9446,'2016-04-15 16:09:51'),(2391,25,-92.3247,38.9448,'2016-04-15 16:09:58'),(2392,4,-92.3247,38.9448,'2016-04-15 16:09:58'),(2393,4,-92.3247,38.9448,'2016-04-15 16:10:03'),(2394,25,-92.3247,38.9448,'2016-04-15 16:10:03'),(2395,25,-92.3249,38.9449,'2016-04-15 16:10:10'),(2396,4,-92.3249,38.9449,'2016-04-15 16:10:10'),(2397,25,-92.3259,38.9451,'2016-04-15 16:10:15'),(2398,4,-92.3259,38.9451,'2016-04-15 16:10:21'),(2399,25,-92.3259,38.9451,'2016-04-15 16:10:21'),(2400,4,-92.3245,38.9448,'2016-04-15 16:10:27'),(2401,25,-92.3245,38.9448,'2016-04-15 16:10:27'),(2402,25,-92.3243,38.9448,'2016-04-15 16:10:33'),(2403,4,-92.3243,38.9448,'2016-04-15 16:10:33'),(2404,25,-92.324,38.9446,'2016-04-15 16:10:34'),(2405,4,-92.324,38.9446,'2016-04-15 16:10:34'),(2406,25,-92.3242,38.9447,'2016-04-15 16:10:39'),(2407,4,-92.3242,38.9447,'2016-04-15 16:10:39'),(2408,25,-92.3241,38.9447,'2016-04-15 16:10:45'),(2409,4,-92.3241,38.9447,'2016-04-15 16:10:45'),(2410,4,-92.3241,38.9448,'2016-04-15 16:10:51'),(2411,4,-92.324,38.9448,'2016-04-15 16:10:57'),(2412,4,-92.3242,38.9448,'2016-04-15 16:11:03'),(2413,25,-92.3242,38.9448,'2016-04-15 16:11:03'),(2414,4,-92.3242,38.9447,'2016-04-15 16:11:12'),(2415,25,-92.3242,38.9447,'2016-04-15 16:11:12'),(2416,25,-92.3241,38.9447,'2016-04-15 16:11:15'),(2417,4,-92.3241,38.9447,'2016-04-15 16:11:15'),(2418,25,-92.3241,38.9446,'2016-04-15 16:11:21'),(2419,25,-92.324,38.9446,'2016-04-15 16:11:24'),(2420,25,-92.324,38.9446,'2016-04-15 16:11:27'),(2421,4,-92.324,38.9446,'2016-04-15 16:11:27'),(2422,25,-92.3241,38.9446,'2016-04-15 16:11:36'),(2423,4,-92.3241,38.9446,'2016-04-15 16:11:36'),(2424,25,-92.3241,38.9447,'2016-04-15 16:11:42'),(2425,4,-92.3241,38.9447,'2016-04-15 16:11:42'),(2426,4,-92.324,38.9446,'2016-04-15 16:11:48'),(2427,25,-92.324,38.9446,'2016-04-15 16:11:48'),(2428,4,-92.3237,38.9447,'2016-04-15 16:11:54'),(2429,25,-92.3237,38.9447,'2016-04-15 16:11:54'),(2430,25,-92.3236,38.9447,'2016-04-15 16:12:00'),(2431,4,-92.3236,38.9447,'2016-04-15 16:12:00'),(2432,4,-92.3237,38.9447,'2016-04-15 16:12:06'),(2433,25,-92.3237,38.9447,'2016-04-15 16:12:06'),(2434,4,-92.3241,38.9447,'2016-04-15 16:12:12'),(2435,25,-92.3241,38.9447,'2016-04-15 16:12:12'),(2436,25,-92.324,38.9446,'2016-04-15 16:12:15'),(2437,4,-92.324,38.9446,'2016-04-15 16:12:15'),(2438,25,-92.3241,38.9446,'2016-04-15 16:12:18'),(2439,4,-92.3241,38.9446,'2016-04-15 16:12:18'),(2440,4,-92.3241,38.9447,'2016-04-15 16:12:24'),(2441,4,-92.3243,38.9448,'2016-04-15 16:12:30'),(2442,25,-92.3243,38.9448,'2016-04-15 16:12:30'),(2443,4,-92.324,38.9447,'2016-04-15 16:12:36'),(2444,25,-92.324,38.9447,'2016-04-15 16:12:36'),(2445,25,-92.324,38.9446,'2016-04-15 16:12:42'),(2446,4,-92.324,38.9446,'2016-04-15 16:12:42'),(2447,25,-92.324,38.9445,'2016-04-15 16:12:48'),(2448,4,-92.324,38.9445,'2016-04-15 16:12:48'),(2449,25,-92.3238,38.9445,'2016-04-15 16:12:55'),(2450,4,-92.3238,38.9445,'2016-04-15 16:12:55'),(2451,25,-92.3238,38.9445,'2016-04-15 16:13:00'),(2452,4,-92.3238,38.9445,'2016-04-15 16:13:00'),(2453,25,-92.324,38.9446,'2016-04-15 16:13:05'),(2454,4,-92.324,38.9446,'2016-04-15 16:13:05'),(2455,25,-92.3238,38.9445,'2016-04-15 16:13:06'),(2456,4,-92.3238,38.9445,'2016-04-15 16:13:06'),(2457,25,-92.3238,38.9446,'2016-04-15 16:13:12'),(2458,4,-92.3238,38.9446,'2016-04-15 16:13:12'),(2459,4,-92.3241,38.9446,'2016-04-15 16:13:18'),(2460,25,-92.3241,38.9446,'2016-04-15 16:13:18'),(2461,4,-92.3239,38.9447,'2016-04-15 16:13:24'),(2462,25,-92.324,38.9447,'2016-04-15 16:13:31'),(2463,4,-92.324,38.9447,'2016-04-15 16:13:31'),(2464,25,-92.3242,38.9444,'2016-04-15 16:13:37'),(2465,4,-92.3242,38.9444,'2016-04-15 16:13:37'),(2466,25,-92.3242,38.9445,'2016-04-15 16:13:42'),(2467,4,-92.3242,38.9445,'2016-04-15 16:13:42'),(2468,4,-92.3242,38.9448,'2016-04-15 16:13:48'),(2469,25,-92.3242,38.9448,'2016-04-15 16:13:48'),(2470,4,-92.3235,38.9449,'2016-04-15 16:13:54'),(2471,25,-92.3235,38.9449,'2016-04-15 16:13:54'),(2472,4,-92.324,38.9446,'2016-04-15 16:13:56'),(2473,25,-92.324,38.9446,'2016-04-15 16:13:56'),(2474,25,-92.3239,38.9449,'2016-04-15 16:14:00'),(2475,4,-92.3239,38.9449,'2016-04-15 16:14:00'),(2476,25,-92.3242,38.9447,'2016-04-15 16:14:08'),(2477,4,-92.3242,38.9447,'2016-04-15 16:14:08'),(2478,25,-92.3248,38.9447,'2016-04-15 16:14:12'),(2479,25,-92.3251,38.9448,'2016-04-15 16:14:18'),(2480,4,-92.3251,38.9448,'2016-04-15 16:14:18'),(2481,4,-92.3254,38.945,'2016-04-15 16:14:24'),(2482,25,-92.3254,38.945,'2016-04-15 16:14:24'),(2483,4,-92.3247,38.9444,'2016-04-15 16:14:30'),(2484,25,-92.3247,38.9444,'2016-04-15 16:14:30'),(2485,25,-92.3248,38.9443,'2016-04-15 16:14:36'),(2486,4,-92.3248,38.9443,'2016-04-15 16:14:36'),(2487,25,-92.3251,38.9446,'2016-04-15 16:14:42'),(2488,4,-92.3251,38.9446,'2016-04-15 16:14:42'),(2489,25,-92.324,38.9446,'2016-04-15 16:14:46'),(2490,4,-92.324,38.9446,'2016-04-15 16:14:46'),(2491,25,-92.3243,38.9446,'2016-04-15 16:14:48'),(2492,4,-92.3243,38.9446,'2016-04-15 16:14:48'),(2493,25,-92.3241,38.9446,'2016-04-15 16:14:54'),(2494,4,-92.3241,38.9446,'2016-04-15 16:14:54'),(2495,25,-92.3241,38.9446,'2016-04-15 16:15:00'),(2496,4,-92.3241,38.9446,'2016-04-15 16:15:00'),(2497,25,-92.3242,38.9447,'2016-04-15 16:15:06'),(2498,4,-92.3242,38.9447,'2016-04-15 16:15:06'),(2499,25,-92.3243,38.9449,'2016-04-15 16:15:13'),(2500,4,-92.3243,38.9449,'2016-04-15 16:15:13'),(2501,4,-92.3317,38.9467,'2016-04-15 16:52:34'),(2502,25,-92.3317,38.9467,'2016-04-15 16:52:34'),(2503,4,-92.3316,38.9466,'2016-04-15 16:52:32'),(2504,25,-92.3316,38.9466,'2016-04-15 16:52:32'),(2505,4,-92.3317,38.9466,'2016-04-15 16:52:38'),(2506,25,-92.3317,38.9466,'2016-04-15 16:52:38'),(2507,4,-92.3316,38.9467,'2016-04-15 16:52:44'),(2508,25,-92.3316,38.9467,'2016-04-15 16:52:44'),(2509,4,-92.3316,38.9468,'2016-04-15 16:52:50'),(2510,25,-92.3316,38.9468,'2016-04-15 16:52:50'),(2511,4,-92.3316,38.9468,'2016-04-15 16:52:56'),(2512,25,-92.3316,38.9468,'2016-04-15 16:52:56'),(2513,4,-92.3316,38.9468,'2016-04-15 16:53:02'),(2514,25,-92.3316,38.9468,'2016-04-15 16:53:02'),(2515,4,-92.3317,38.9468,'2016-04-15 16:53:08'),(2516,25,-92.3317,38.9468,'2016-04-15 16:53:08'),(2517,4,-92.3318,38.9469,'2016-04-15 16:53:14'),(2518,25,-92.3318,38.9469,'2016-04-15 16:53:14'),(2519,4,-92.3317,38.9468,'2016-04-15 16:53:20'),(2520,25,-92.3317,38.9468,'2016-04-15 16:53:20'),(2521,4,-92.3315,38.9467,'2016-04-15 16:53:26'),(2522,25,-92.3315,38.9467,'2016-04-15 16:53:26'),(2523,25,-92.3311,38.9457,'2016-04-27 15:30:37'),(2524,25,-92.3328,38.9458,'2016-04-27 15:30:40'),(2525,25,-92.3336,38.9458,'2016-04-27 15:30:46'),(2526,25,-92.3336,38.9458,'2016-04-27 15:30:52'),(2527,25,-92.3333,38.9458,'2016-04-27 15:30:58'),(2528,25,-92.3328,38.9457,'2016-04-27 15:31:04'),(2529,25,-92.3325,38.9457,'2016-04-27 15:31:10'),(2530,25,-92.3322,38.9457,'2016-04-27 15:31:17'),(2531,25,-92.3311,38.9457,'2016-04-27 15:31:22'),(2532,25,-92.3311,38.9457,'2016-04-27 15:31:27'),(2533,25,-92.331,38.9457,'2016-04-27 15:31:28'),(2534,25,-92.3309,38.9457,'2016-04-27 15:31:34'),(2535,25,-92.331,38.9457,'2016-04-27 15:31:40'),(2536,25,-92.3311,38.9457,'2016-04-27 15:31:46'),(2537,25,-92.3311,38.9457,'2016-04-27 15:31:52');
/*!40000 ALTER TABLE `temppatients_locations` ENABLE KEYS */;
UNLOCK TABLES;

--
-- Table structure for table `tempstaffs`
--

DROP TABLE IF EXISTS `tempstaffs`;
/*!40101 SET @saved_cs_client     = @@character_set_client */;
/*!40101 SET character_set_client = utf8 */;
CREATE TABLE `tempstaffs` (
  `S_ID` int(11) NOT NULL AUTO_INCREMENT,
  `Status` varchar(50) NOT NULL,
  `First_Name` varchar(100) NOT NULL,
  `Last_Name` varchar(100) NOT NULL,
  `Email` varchar(100) NOT NULL,
  `Telephone` varchar(100) NOT NULL,
  `Job` varchar(100) NOT NULL,
  `Glass_User` varchar(3) NOT NULL,
  `registration_date` timestamp NOT NULL DEFAULT CURRENT_TIMESTAMP,
  `I_ID` int(11) DEFAULT NULL,
  PRIMARY KEY (`S_ID`)
) ENGINE=InnoDB AUTO_INCREMENT=10305 DEFAULT CHARSET=utf8;
/*!40101 SET character_set_client = @saved_cs_client */;

--
-- Dumping data for table `tempstaffs`
--

LOCK TABLES `tempstaffs` WRITE;
/*!40000 ALTER TABLE `tempstaffs` DISABLE KEYS */;
INSERT INTO `tempstaffs` VALUES (10300,'Unavailable','John','Hampton','JHampton@health.com','+1 (314) 576 - 9894','Pulmonologist','Yes','2015-08-27 21:29:18',1),(10301,'Available','Sal','Ahmad','BLee@health.com','+1 (314) 376 - 9794','Surgeon','Yes','2015-08-27 21:29:18',1),(10302,'On Call','Ashley','White','AWhite@health.com','+1 (314) 475 - 7856','Clinical nurse specialist','Yes','2015-08-27 21:29:18',5),(10303,'Unavailable','Rui','Huang','ahmadsa@health.missouri.edu','+1 (207) 332 - 2541','IC','Yes','2015-09-23 16:19:52',5),(10304,'Available','Duo','Jiang','dj963@mail.missouri.edu','+1 (573) 999 - 1234','IC','Yes','2016-02-23 16:19:52',1);
/*!40000 ALTER TABLE `tempstaffs` ENABLE KEYS */;
UNLOCK TABLES;

--
-- Table structure for table `tempstaffs_locations`
--

DROP TABLE IF EXISTS `tempstaffs_locations`;
/*!40101 SET @saved_cs_client     = @@character_set_client */;
/*!40101 SET character_set_client = utf8 */;
CREATE TABLE `tempstaffs_locations` (
  `L_ID` int(11) unsigned NOT NULL AUTO_INCREMENT,
  `S_ID` varchar(11) DEFAULT NULL,
  `location_lng` float DEFAULT NULL,
  `location_lat` float DEFAULT NULL,
  `time` timestamp NOT NULL DEFAULT CURRENT_TIMESTAMP,
  PRIMARY KEY (`L_ID`)
) ENGINE=InnoDB AUTO_INCREMENT=3220 DEFAULT CHARSET=utf8;
/*!40101 SET character_set_client = @saved_cs_client */;

--
-- Dumping data for table `tempstaffs_locations`
--

LOCK TABLES `tempstaffs_locations` WRITE;
/*!40000 ALTER TABLE `tempstaffs_locations` DISABLE KEYS */;
INSERT INTO `tempstaffs_locations` VALUES (1,'10300',-92.3296,38.9438,'2016-02-17 13:33:16'),(2,'10301',-92.3276,38.9447,'2016-02-17 13:34:22'),(3,'10302',-92.3222,38.9463,'2016-02-17 13:35:22'),(5,'10300',-92.3229,38.9472,'2016-02-17 13:37:22'),(6,'10301',-92.3248,38.9432,'2016-02-17 13:38:22'),(7,'10302',-92.3252,38.9416,'2016-02-17 13:39:22'),(9,'10300',-92.3282,38.9421,'2016-02-17 13:41:22'),(10,'10301',-92.3231,38.9466,'2016-02-17 13:42:22'),(11,'10302',-92.324,38.9455,'2016-02-17 13:43:22'),(13,'10304',-92.3222,38.9411,'2016-02-17 13:45:22'),(1855,'10301',-92.3313,38.9453,'2016-03-28 12:00:53'),(1856,'10301',-92.3313,38.9453,'2016-03-28 12:01:46'),(1857,'10301',-92.3315,38.9458,'2016-03-28 12:02:36'),(1858,'10303',-92.324,38.9443,'2016-04-15 13:07:06'),(1859,'10303',-92.3241,38.945,'2016-04-15 13:07:14'),(1860,'10303',-92.3242,38.9449,'2016-04-15 13:07:19'),(1861,'10303',-92.3239,38.9448,'2016-04-15 13:07:25'),(1862,'10303',-92.3238,38.9449,'2016-04-15 13:07:31'),(1863,'10303',-92.3235,38.9449,'2016-04-15 13:07:37'),(1864,'10303',-92.3242,38.9452,'2016-04-15 13:07:43'),(1865,'10303',-92.324,38.9448,'2016-04-15 13:07:49'),(1866,'10303',-92.324,38.945,'2016-04-15 13:07:56'),(1867,'10303',-92.3239,38.945,'2016-04-15 13:08:01'),(1868,'10303',-92.3238,38.9453,'2016-04-15 13:08:07'),(1869,'10303',-92.3237,38.9454,'2016-04-15 13:08:14'),(1870,'10303',-92.3238,38.9455,'2016-04-15 13:08:20'),(1871,'10303',-92.3239,38.9453,'2016-04-15 13:08:25'),(1872,'10303',-92.3239,38.9453,'2016-04-15 13:08:31'),(1873,'10303',-92.3242,38.9455,'2016-04-15 13:08:38'),(1874,'10303',-92.3247,38.9463,'2016-04-15 13:08:43'),(1875,'10303',-92.3251,38.9473,'2016-04-15 13:08:49'),(1876,'10303',-92.3238,38.945,'2016-04-15 13:09:16'),(1877,'10303',-92.3241,38.9448,'2016-04-15 13:09:23'),(1878,'10303',-92.324,38.9449,'2016-04-15 13:09:30'),(1879,'10303',-92.3239,38.9448,'2016-04-15 13:09:35'),(1880,'10303',-92.3236,38.945,'2016-04-15 13:09:41'),(1881,'10303',-92.324,38.9447,'2016-04-15 13:09:48'),(1882,'10303',-92.324,38.9447,'2016-04-15 13:09:54'),(1883,'10303',-92.324,38.9447,'2016-04-15 13:09:59'),(1884,'10303',-92.3239,38.9447,'2016-04-15 13:10:08'),(1885,'10303',-92.324,38.9447,'2016-04-15 13:10:12'),(1886,'10303',-92.324,38.9447,'2016-04-15 13:10:17'),(1887,'10303',-92.324,38.9446,'2016-04-15 13:10:24'),(1888,'10303',-92.324,38.9446,'2016-04-15 13:10:30'),(1889,'10303',-92.324,38.9446,'2016-04-15 13:10:35'),(1890,'10303',-92.3241,38.9445,'2016-04-15 13:10:42'),(1891,'10303',-92.3241,38.9445,'2016-04-15 13:10:47'),(1892,'10303',-92.3241,38.9445,'2016-04-15 13:10:56'),(1893,'10303',-92.3241,38.9445,'2016-04-15 13:11:02'),(1894,'10303',-92.3241,38.9445,'2016-04-15 13:11:09'),(1895,'10303',-92.3241,38.9446,'2016-04-15 13:11:14'),(1896,'10303',-92.3241,38.9445,'2016-04-15 13:11:21'),(1897,'10303',-92.3241,38.9445,'2016-04-15 13:11:26'),(1898,'10303',-92.3241,38.9445,'2016-04-15 13:11:32'),(1899,'10303',-92.3242,38.9443,'2016-04-15 13:11:39'),(1900,'10303',-92.3242,38.9445,'2016-04-15 13:11:46'),(1901,'10303',-92.3241,38.9446,'2016-04-15 13:11:50'),(1902,'10303',-92.3241,38.9445,'2016-04-15 13:11:57'),(1903,'10303',-92.324,38.9444,'2016-04-15 13:12:03'),(1904,'10303',-92.324,38.9445,'2016-04-15 13:12:08'),(1905,'10303',-92.3241,38.9445,'2016-04-15 13:12:15'),(1906,'10303',-92.3242,38.9446,'2016-04-15 13:12:21'),(1907,'10303',-92.3242,38.9446,'2016-04-15 13:12:28'),(1908,'10303',-92.3242,38.9447,'2016-04-15 13:12:32'),(1909,'10303',-92.3241,38.9454,'2016-04-15 13:12:39'),(1910,'10303',-92.3237,38.9452,'2016-04-15 13:12:45'),(1911,'10303',-92.324,38.9448,'2016-04-15 13:12:50'),(1912,'10303',-92.3241,38.9448,'2016-04-15 13:12:57'),(1913,'10303',-92.324,38.9448,'2016-04-15 13:13:03'),(1914,'10303',-92.3241,38.9449,'2016-04-15 13:13:08'),(1915,'10303',-92.3245,38.9445,'2016-04-15 13:13:15'),(1916,'10303',-92.3243,38.9444,'2016-04-15 13:13:21'),(1917,'10303',-92.3242,38.9446,'2016-04-15 13:13:49'),(1918,'10303',-92.3242,38.9444,'2016-04-15 13:13:59'),(1919,'10303',-92.3235,38.9437,'2016-04-15 13:14:05'),(1920,'10303',-92.3243,38.9448,'2016-04-15 13:14:14'),(1921,'10303',-92.324,38.9448,'2016-04-15 13:14:18'),(1922,'10303',-92.3238,38.9444,'2016-04-15 13:14:22'),(1923,'10303',-92.3232,38.944,'2016-04-15 13:14:29'),(1924,'10303',-92.3234,38.9432,'2016-04-15 13:14:35'),(1925,'10303',-92.3242,38.9446,'2016-04-15 13:14:39'),(1926,'10303',-92.3245,38.9448,'2016-04-15 13:14:58'),(1927,'10303',-92.3241,38.9445,'2016-04-15 13:15:04'),(1928,'10303',-92.3241,38.9445,'2016-04-15 13:15:27'),(1929,'10303',-92.324,38.9441,'2016-04-15 13:15:34'),(1930,'10303',-92.3242,38.9446,'2016-04-15 13:15:38'),(1931,'10303',-92.3235,38.9436,'2016-04-15 13:15:40'),(1932,'10303',-92.3229,38.9432,'2016-04-15 13:15:46'),(1933,'10303',-92.3235,38.9437,'2016-04-15 13:15:59'),(1934,'10303',-92.3237,38.9441,'2016-04-15 13:16:06'),(1935,'10303',-92.3236,38.9444,'2016-04-15 13:16:11'),(1936,'10303',-92.324,38.9444,'2016-04-15 13:16:22'),(1937,'10303',-92.3241,38.9445,'2016-04-15 13:16:29'),(1938,'10303',-92.3242,38.9446,'2016-04-15 13:16:34'),(1939,'10303',-92.3241,38.9445,'2016-04-15 13:16:36'),(1940,'10303',-92.3242,38.9446,'2016-04-15 13:16:40'),(1941,'10303',-92.324,38.9447,'2016-04-15 13:16:46'),(1942,'10303',-92.324,38.9445,'2016-04-15 13:16:52'),(1943,'10303',-92.3241,38.9447,'2016-04-15 13:16:58'),(1944,'10303',-92.3244,38.9446,'2016-04-15 13:17:04'),(1945,'10303',-92.3242,38.9447,'2016-04-15 13:17:10'),(1946,'10303',-92.3244,38.9448,'2016-04-15 13:17:17'),(1947,'10303',-92.3245,38.9449,'2016-04-15 13:17:23'),(1948,'10303',-92.3242,38.9446,'2016-04-15 13:17:27'),(1949,'10303',-92.3248,38.9449,'2016-04-15 13:17:29'),(1950,'10303',-92.3245,38.9448,'2016-04-15 13:17:35'),(1951,'10303',-92.3243,38.9448,'2016-04-15 13:17:40'),(1952,'10303',-92.3241,38.9447,'2016-04-15 13:17:47'),(1953,'10303',-92.324,38.9446,'2016-04-15 13:17:52'),(1954,'10303',-92.3239,38.9446,'2016-04-15 13:17:58'),(1955,'10303',-92.324,38.9446,'2016-04-15 13:18:05'),(1956,'10303',-92.324,38.9446,'2016-04-15 13:18:10'),(1957,'10303',-92.324,38.9446,'2016-04-15 13:18:17'),(1958,'10303',-92.3242,38.9446,'2016-04-15 13:18:18'),(1959,'10303',-92.324,38.9446,'2016-04-15 13:18:23'),(1960,'10303',-92.324,38.9446,'2016-04-15 13:18:29'),(1961,'10303',-92.324,38.9446,'2016-04-15 13:18:34'),(1962,'10303',-92.324,38.9441,'2016-04-15 13:18:40'),(1963,'10303',-92.3241,38.9438,'2016-04-15 13:18:46'),(1964,'10303',-92.3241,38.944,'2016-04-15 13:18:52'),(1965,'10303',-92.3241,38.9443,'2016-04-15 13:18:58'),(1966,'10303',-92.3242,38.9444,'2016-04-15 13:19:06'),(1967,'10303',-92.3242,38.9446,'2016-04-15 13:19:08'),(1968,'10303',-92.324,38.9445,'2016-04-15 13:19:10'),(1969,'10303',-92.324,38.9446,'2016-04-15 13:19:17'),(1970,'10303',-92.3242,38.9448,'2016-04-15 13:19:22'),(1971,'10303',-92.3242,38.9447,'2016-04-15 13:19:29'),(1972,'10303',-92.3242,38.9447,'2016-04-15 13:19:35'),(1973,'10303',-92.3242,38.9448,'2016-04-15 13:19:41'),(1974,'10303',-92.3242,38.9448,'2016-04-15 13:19:46'),(1975,'10303',-92.3241,38.945,'2016-04-15 13:19:52'),(1976,'10303',-92.3244,38.9451,'2016-04-15 13:19:58'),(1977,'10303',-92.3242,38.9446,'2016-04-15 13:19:59'),(1978,'10303',-92.3244,38.9449,'2016-04-15 13:20:05'),(1979,'10303',-92.3242,38.9448,'2016-04-15 13:20:11'),(1980,'10303',-92.3242,38.9447,'2016-04-15 13:20:16'),(1981,'10303',-92.3241,38.9446,'2016-04-15 13:20:22'),(1982,'10303',-92.3241,38.9447,'2016-04-15 13:20:28'),(1983,'10303',-92.3242,38.9447,'2016-04-15 13:20:34'),(1984,'10303',-92.3244,38.9445,'2016-04-15 13:20:40'),(1985,'10303',-92.3242,38.9445,'2016-04-15 13:20:47'),(1986,'10303',-92.3242,38.9446,'2016-04-15 13:20:50'),(1987,'10303',-92.3242,38.9446,'2016-04-15 13:20:52'),(1988,'10303',-92.3243,38.9445,'2016-04-15 13:20:58'),(1989,'10303',-92.3242,38.9445,'2016-04-15 13:21:05'),(1990,'10303',-92.3241,38.9446,'2016-04-15 13:21:10'),(1991,'10303',-92.3242,38.9446,'2016-04-15 13:21:16'),(1992,'10303',-92.3242,38.9444,'2016-04-15 13:21:22'),(1993,'10303',-92.3242,38.9445,'2016-04-15 13:21:29'),(1994,'10303',-92.3241,38.9446,'2016-04-15 13:21:35'),(1995,'10303',-92.3242,38.9446,'2016-04-15 13:21:40'),(1996,'10303',-92.3241,38.9446,'2016-04-15 13:21:41'),(1997,'10303',-92.3241,38.9446,'2016-04-15 13:21:47'),(1998,'10303',-92.3241,38.9448,'2016-04-15 13:21:52'),(1999,'10303',-92.3249,38.9444,'2016-04-15 13:21:58'),(2000,'10303',-92.3256,38.9443,'2016-04-15 13:22:05'),(2001,'10303',-92.3255,38.9449,'2016-04-15 13:22:10'),(2002,'10303',-92.3243,38.9445,'2016-04-15 13:22:16'),(2003,'10303',-92.3244,38.9444,'2016-04-15 13:22:22'),(2004,'10303',-92.3242,38.9445,'2016-04-15 13:22:28'),(2005,'10303',-92.3242,38.9446,'2016-04-15 13:22:31'),(2006,'10303',-92.3242,38.9445,'2016-04-15 13:22:34'),(2007,'10303',-92.3241,38.9443,'2016-04-15 13:22:41'),(2008,'10303',-92.3242,38.9444,'2016-04-15 13:22:47'),(2009,'10303',-92.3241,38.9445,'2016-04-15 13:22:59'),(2010,'10303',-92.3239,38.9452,'2016-04-15 13:22:59'),(2011,'10303',-92.3242,38.946,'2016-04-15 13:23:04'),(2012,'10303',-92.3251,38.9464,'2016-04-15 13:23:11'),(2013,'10303',-92.325,38.946,'2016-04-15 13:23:16'),(2014,'10303',-92.3242,38.9446,'2016-04-15 13:23:21'),(2015,'10303',-92.3242,38.9447,'2016-04-15 13:23:22'),(2016,'10303',-92.3249,38.9442,'2016-04-15 13:23:29'),(2017,'10303',-92.3241,38.9445,'2016-04-15 13:23:34'),(2018,'10303',-92.3239,38.9445,'2016-04-15 13:23:40'),(2019,'10303',-92.3242,38.9443,'2016-04-15 13:23:47'),(2020,'10303',-92.3242,38.9444,'2016-04-15 13:23:52'),(2021,'10303',-92.324,38.9445,'2016-04-15 13:23:59'),(2022,'10303',-92.3241,38.9445,'2016-04-15 13:24:04'),(2023,'10303',-92.3243,38.9445,'2016-04-15 13:24:11'),(2024,'10303',-92.3242,38.9446,'2016-04-15 13:24:12'),(2025,'10303',-92.3241,38.9445,'2016-04-15 13:24:17'),(2026,'10303',-92.3239,38.9446,'2016-04-15 13:24:23'),(2027,'10303',-92.3242,38.9445,'2016-04-15 13:24:29'),(2028,'10303',-92.3242,38.9444,'2016-04-15 13:24:35'),(2029,'10303',-92.3239,38.9446,'2016-04-15 13:24:41'),(2030,'10303',-92.3238,38.945,'2016-04-15 13:24:47'),(2031,'10303',-92.3238,38.945,'2016-04-15 13:24:52'),(2032,'10303',-92.3241,38.9449,'2016-04-15 13:24:59'),(2033,'10303',-92.3242,38.9446,'2016-04-15 13:25:03'),(2034,'10303',-92.3246,38.9449,'2016-04-15 13:25:05'),(2035,'10303',-92.3248,38.9444,'2016-04-15 13:25:10'),(2036,'10303',-92.3247,38.9446,'2016-04-15 13:25:16'),(2037,'10303',-92.3242,38.9448,'2016-04-15 13:25:22'),(2038,'10303',-92.3246,38.9448,'2016-04-15 13:25:28'),(2039,'10303',-92.3252,38.9447,'2016-04-15 13:25:34'),(2040,'10303',-92.3243,38.9446,'2016-04-15 13:25:40'),(2041,'10303',-92.3242,38.9446,'2016-04-15 13:25:46'),(2042,'10303',-92.3247,38.9444,'2016-04-15 13:25:53'),(2043,'10303',-92.3242,38.9446,'2016-04-15 13:25:53'),(2044,'10303',-92.3241,38.9444,'2016-04-15 13:25:58'),(2045,'10303',-92.3235,38.9444,'2016-04-15 13:26:04'),(2046,'10303',-92.3242,38.9437,'2016-04-15 13:26:10'),(2047,'10303',-92.3241,38.9441,'2016-04-15 13:26:16'),(2048,'10303',-92.3238,38.9444,'2016-04-15 13:26:22'),(2049,'10303',-92.3235,38.9441,'2016-04-15 13:26:29'),(2050,'10303',-92.3236,38.9443,'2016-04-15 13:26:35'),(2051,'10303',-92.3237,38.9447,'2016-04-15 13:26:40'),(2052,'10303',-92.3242,38.9446,'2016-04-15 13:26:44'),(2053,'10303',-92.324,38.9449,'2016-04-15 13:26:46'),(2054,'10303',-92.3244,38.9445,'2016-04-15 13:26:52'),(2055,'10303',-92.3239,38.9445,'2016-04-15 13:26:59'),(2056,'10303',-92.3238,38.9445,'2016-04-15 13:27:05'),(2057,'10303',-92.3244,38.9442,'2016-04-15 13:27:10'),(2058,'10303',-92.3242,38.9443,'2016-04-15 13:27:17'),(2059,'10303',-92.324,38.9444,'2016-04-15 13:27:22'),(2060,'10303',-92.3241,38.9442,'2016-04-15 13:27:28'),(2061,'10303',-92.3245,38.9446,'2016-04-15 13:27:34'),(2062,'10303',-92.3242,38.9446,'2016-04-15 13:27:35'),(2063,'10303',-92.3243,38.9448,'2016-04-15 13:27:40'),(2064,'10303',-92.324,38.9449,'2016-04-15 13:27:46'),(2065,'10303',-92.3243,38.9439,'2016-04-15 13:27:52'),(2066,'10303',-92.3241,38.9442,'2016-04-15 13:27:59'),(2067,'10303',-92.3239,38.9446,'2016-04-15 13:28:04'),(2068,'10303',-92.3242,38.9445,'2016-04-15 13:28:11'),(2069,'10303',-92.3239,38.9445,'2016-04-15 13:28:17'),(2070,'10303',-92.3239,38.9445,'2016-04-15 13:28:22'),(2071,'10303',-92.3242,38.9446,'2016-04-15 13:28:26'),(2072,'10303',-92.3245,38.9445,'2016-04-15 13:28:28'),(2073,'10303',-92.3256,38.945,'2016-04-15 13:28:35'),(2074,'10303',-92.3268,38.9462,'2016-04-15 13:28:40'),(2075,'10303',-92.325,38.9447,'2016-04-15 13:28:46'),(2076,'10303',-92.3259,38.9444,'2016-04-15 13:28:52'),(2077,'10303',-92.3241,38.9445,'2016-04-15 13:28:59'),(2078,'10303',-92.3241,38.9447,'2016-04-15 13:29:04'),(2079,'10303',-92.3242,38.9447,'2016-04-15 13:29:11'),(2080,'10303',-92.3242,38.9446,'2016-04-15 13:29:16'),(2081,'10303',-92.3241,38.9446,'2016-04-15 13:29:22'),(2082,'10303',-92.324,38.9448,'2016-04-15 13:29:23'),(2083,'10303',-92.3243,38.9448,'2016-04-15 13:29:28'),(2084,'10303',-92.3256,38.9449,'2016-04-15 13:29:34'),(2085,'10303',-92.3261,38.9451,'2016-04-15 13:29:41'),(2086,'10303',-92.3242,38.9449,'2016-04-15 13:29:46'),(2087,'10303',-92.3241,38.945,'2016-04-15 13:29:52'),(2088,'10303',-92.3241,38.945,'2016-04-15 13:29:58'),(2089,'10303',-92.3241,38.945,'2016-04-15 13:30:04'),(2090,'10303',-92.3241,38.9449,'2016-04-15 13:30:10'),(2091,'10303',-92.3242,38.9446,'2016-04-15 13:30:12'),(2092,'10303',-92.3241,38.9449,'2016-04-15 13:30:16'),(2093,'10303',-92.3241,38.9448,'2016-04-15 13:30:22'),(2094,'10303',-92.3241,38.9448,'2016-04-15 13:30:28'),(2095,'10303',-92.3241,38.9447,'2016-04-15 13:30:35'),(2096,'10303',-92.3241,38.9447,'2016-04-15 13:30:40'),(2097,'10303',-92.3241,38.9447,'2016-04-15 13:30:46'),(2098,'10303',-92.324,38.9448,'2016-04-15 13:30:52'),(2099,'10303',-92.324,38.9448,'2016-04-15 13:30:58'),(2100,'10303',-92.3242,38.9446,'2016-04-15 13:31:03'),(2101,'10303',-92.324,38.9445,'2016-04-15 13:31:31'),(2102,'10303',-92.324,38.9445,'2016-04-15 13:31:39'),(2103,'10303',-92.3241,38.9445,'2016-04-15 13:31:45'),(2104,'10303',-92.3241,38.9445,'2016-04-15 13:31:51'),(2105,'10303',-92.3242,38.9446,'2016-04-15 13:31:55'),(2106,'10303',-92.3238,38.9445,'2016-04-15 13:31:57'),(2107,'10303',-92.3238,38.9447,'2016-04-15 13:32:03'),(2108,'10303',-92.3238,38.9447,'2016-04-15 13:32:08'),(2109,'10303',-92.3235,38.9444,'2016-04-15 13:32:15'),(2110,'10303',-92.3236,38.9448,'2016-04-15 13:32:21'),(2111,'10303',-92.3238,38.9448,'2016-04-15 13:32:26'),(2112,'10303',-92.3242,38.945,'2016-04-15 13:32:33'),(2113,'10303',-92.3247,38.9454,'2016-04-15 13:32:40'),(2114,'10303',-92.3246,38.9456,'2016-04-15 13:32:45'),(2115,'10303',-92.3242,38.9446,'2016-04-15 13:32:45'),(2116,'10303',-92.3241,38.9448,'2016-04-15 13:32:50'),(2117,'10303',-92.3235,38.9443,'2016-04-15 13:32:56'),(2118,'10303',-92.3235,38.9447,'2016-04-15 13:33:03'),(2119,'10303',-92.3239,38.9446,'2016-04-15 13:33:08'),(2120,'10303',-92.3241,38.9445,'2016-04-15 13:33:14'),(2121,'10303',-92.3245,38.9446,'2016-04-15 13:33:20'),(2122,'10303',-92.3242,38.9447,'2016-04-15 13:33:26'),(2123,'10303',-92.3242,38.9447,'2016-04-15 13:33:32'),(2124,'10303',-92.3242,38.9446,'2016-04-15 13:33:36'),(2125,'10303',-92.3251,38.9444,'2016-04-15 13:33:39'),(2126,'10303',-92.3249,38.9449,'2016-04-15 13:33:45'),(2127,'10303',-92.3247,38.9449,'2016-04-15 13:33:50'),(2128,'10303',-92.3251,38.9448,'2016-04-15 13:33:59'),(2129,'10303',-92.3241,38.9443,'2016-04-15 13:34:05'),(2130,'10303',-92.3241,38.9446,'2016-04-15 13:34:12'),(2131,'10303',-92.3236,38.9442,'2016-04-15 13:34:18'),(2132,'10303',-92.324,38.9444,'2016-04-15 13:34:23'),(2133,'10303',-92.3242,38.9446,'2016-04-15 13:34:27'),(2134,'10303',-92.324,38.9444,'2016-04-15 13:34:29'),(2135,'10303',-92.3238,38.9442,'2016-04-15 13:34:35'),(2136,'10303',-92.3241,38.9448,'2016-04-15 13:34:42'),(2137,'10303',-92.3242,38.9449,'2016-04-15 13:34:47'),(2138,'10303',-92.3242,38.9448,'2016-04-15 13:34:54'),(2139,'10303',-92.3241,38.9448,'2016-04-15 13:35:00'),(2140,'10303',-92.3241,38.9448,'2016-04-15 13:35:06'),(2141,'10303',-92.3241,38.9448,'2016-04-15 13:35:12'),(2142,'10303',-92.3235,38.9448,'2016-04-15 13:35:17'),(2143,'10303',-92.3242,38.9446,'2016-04-15 13:35:18'),(2144,'10303',-92.3238,38.9447,'2016-04-15 13:35:23'),(2145,'10303',-92.3239,38.9449,'2016-04-15 13:35:29'),(2146,'10303',-92.3239,38.9448,'2016-04-15 13:35:36'),(2147,'10303',-92.324,38.9448,'2016-04-15 13:35:41'),(2148,'10303',-92.3241,38.9448,'2016-04-15 13:35:47'),(2149,'10303',-92.3241,38.9447,'2016-04-15 13:35:56'),(2150,'10303',-92.3241,38.9448,'2016-04-15 13:35:59'),(2151,'10303',-92.3241,38.9448,'2016-04-15 13:36:05'),(2152,'10303',-92.3242,38.9446,'2016-04-15 13:36:08'),(2153,'10303',-92.324,38.9447,'2016-04-15 13:36:11'),(2154,'10303',-92.324,38.9443,'2016-04-15 13:36:17'),(2155,'10303',-92.3236,38.944,'2016-04-15 13:36:32'),(2156,'10303',-92.3231,38.9437,'2016-04-15 13:36:34'),(2157,'10303',-92.3236,38.9453,'2016-04-15 13:36:36'),(2158,'10303',-92.3239,38.945,'2016-04-15 13:36:42'),(2159,'10303',-92.3238,38.9447,'2016-04-15 13:36:47'),(2160,'10303',-92.3236,38.9448,'2016-04-15 13:36:54'),(2161,'10303',-92.3242,38.9446,'2016-04-15 13:36:59'),(2162,'10303',-92.3239,38.9448,'2016-04-15 13:37:00'),(2163,'10303',-92.3239,38.9448,'2016-04-15 13:37:05'),(2164,'10303',-92.3239,38.9447,'2016-04-15 13:37:11'),(2165,'10303',-92.3239,38.9446,'2016-04-15 13:37:18'),(2166,'10303',-92.3239,38.9446,'2016-04-15 13:37:23'),(2167,'10303',-92.3239,38.9446,'2016-04-15 13:37:29'),(2168,'10303',-92.3241,38.9448,'2016-04-15 13:37:35'),(2169,'10303',-92.3242,38.9448,'2016-04-15 13:37:41'),(2170,'10303',-92.324,38.945,'2016-04-15 13:37:47'),(2171,'10303',-92.3242,38.9446,'2016-04-15 13:37:50'),(2172,'10303',-92.3242,38.9449,'2016-04-15 13:37:54'),(2173,'10303',-92.3242,38.9448,'2016-04-15 13:37:59'),(2174,'10303',-92.3241,38.9447,'2016-04-15 13:38:05'),(2175,'10303',-92.324,38.9447,'2016-04-15 13:38:11'),(2176,'10303',-92.324,38.9446,'2016-04-15 13:38:17'),(2177,'10303',-92.324,38.9446,'2016-04-15 13:38:27'),(2178,'10303',-92.324,38.9447,'2016-04-15 13:38:33'),(2179,'10303',-92.324,38.9447,'2016-04-15 13:38:39'),(2180,'10303',-92.3242,38.9446,'2016-04-15 13:38:44'),(2181,'10303',-92.3239,38.9447,'2016-04-15 13:38:45'),(2182,'10303',-92.3234,38.9453,'2016-04-15 13:38:51'),(2183,'10303',-92.324,38.9448,'2016-04-15 13:38:57'),(2184,'10303',-92.3239,38.9446,'2016-04-15 13:39:03'),(2185,'10303',-92.324,38.9447,'2016-04-15 13:39:09'),(2186,'10303',-92.3243,38.9449,'2016-04-15 13:39:15'),(2187,'10303',-92.3243,38.9449,'2016-04-15 13:39:22'),(2188,'10303',-92.3244,38.9447,'2016-04-15 13:39:27'),(2189,'10303',-92.3245,38.9447,'2016-04-15 13:39:33'),(2190,'10303',-92.3242,38.9446,'2016-04-15 13:39:34'),(2191,'10303',-92.3245,38.9446,'2016-04-15 13:39:39'),(2192,'10303',-92.3247,38.9447,'2016-04-15 13:39:45'),(2193,'10303',-92.3243,38.9446,'2016-04-15 13:39:51'),(2194,'10303',-92.324,38.9445,'2016-04-15 13:39:57'),(2195,'10303',-92.3242,38.9446,'2016-04-15 13:40:26'),(2196,'10303',-92.324,38.9454,'2016-04-15 13:40:29'),(2197,'10303',-92.324,38.9451,'2016-04-15 13:40:44'),(2198,'10303',-92.324,38.9446,'2016-04-15 13:40:50'),(2199,'10303',-92.3239,38.9446,'2016-04-15 13:40:56'),(2200,'10303',-92.324,38.9446,'2016-04-15 13:41:03'),(2201,'10303',-92.324,38.9447,'2016-04-15 13:41:09'),(2202,'10303',-92.324,38.9446,'2016-04-15 13:41:14'),(2203,'10303',-92.3242,38.9446,'2016-04-15 13:41:17'),(2204,'10303',-92.324,38.9446,'2016-04-15 13:41:21'),(2205,'10303',-92.3241,38.9448,'2016-04-15 13:41:28'),(2206,'10303',-92.3241,38.9447,'2016-04-15 13:41:33'),(2207,'10303',-92.3242,38.9448,'2016-04-15 13:41:40'),(2208,'10303',-92.3241,38.9448,'2016-04-15 13:41:45'),(2209,'10303',-92.3241,38.9448,'2016-04-15 13:41:51'),(2210,'10303',-92.3242,38.9448,'2016-04-15 13:41:57'),(2211,'10303',-92.3237,38.9445,'2016-04-15 13:42:03'),(2212,'10303',-92.3242,38.9446,'2016-04-15 13:42:08'),(2213,'10303',-92.3236,38.9445,'2016-04-15 13:42:10'),(2214,'10303',-92.3236,38.9449,'2016-04-15 13:42:15'),(2215,'10303',-92.324,38.9443,'2016-04-15 13:42:21'),(2216,'10303',-92.324,38.9444,'2016-04-15 13:42:27'),(2217,'10303',-92.324,38.9445,'2016-04-15 13:42:33'),(2218,'10303',-92.3241,38.9446,'2016-04-15 13:42:39'),(2219,'10303',-92.3241,38.9446,'2016-04-15 13:42:45'),(2220,'10303',-92.3241,38.9447,'2016-04-15 13:42:53'),(2221,'10303',-92.3241,38.9448,'2016-04-15 13:42:57'),(2222,'10303',-92.3242,38.9446,'2016-04-15 13:42:59'),(2223,'10303',-92.3234,38.9445,'2016-04-15 13:43:03'),(2224,'10303',-92.3226,38.9441,'2016-04-15 13:43:09'),(2225,'10303',-92.324,38.9448,'2016-04-15 13:43:15'),(2226,'10303',-92.324,38.9446,'2016-04-15 13:43:21'),(2227,'10303',-92.324,38.9446,'2016-04-15 13:43:27'),(2228,'10303',-92.324,38.9446,'2016-04-15 13:43:38'),(2229,'10303',-92.324,38.9446,'2016-04-15 13:43:45'),(2230,'10303',-92.3242,38.9446,'2016-04-15 13:43:49'),(2231,'10303',-92.324,38.9446,'2016-04-15 13:43:51'),(2232,'10303',-92.324,38.9446,'2016-04-15 13:43:59'),(2233,'10303',-92.324,38.9446,'2016-04-15 13:44:10'),(2234,'10303',-92.324,38.9447,'2016-04-15 13:44:16'),(2235,'10303',-92.324,38.9445,'2016-04-15 13:44:22'),(2236,'10303',-92.324,38.9443,'2016-04-15 13:44:28'),(2237,'10303',-92.324,38.9444,'2016-04-15 13:44:34'),(2238,'10303',-92.324,38.9445,'2016-04-15 13:44:40'),(2239,'10303',-92.3242,38.9446,'2016-04-15 13:44:41'),(2240,'10303',-92.3239,38.9445,'2016-04-15 13:44:46'),(2241,'10303',-92.3239,38.9445,'2016-04-15 13:44:52'),(2242,'10303',-92.3239,38.9445,'2016-04-15 13:44:59'),(2243,'10303',-92.3237,38.9443,'2016-04-15 13:45:06'),(2244,'10303',-92.3239,38.9443,'2016-04-15 13:45:12'),(2245,'10303',-92.324,38.9444,'2016-04-15 13:45:17'),(2246,'10303',-92.3236,38.9445,'2016-04-15 13:45:23'),(2247,'10303',-92.3234,38.9446,'2016-04-15 13:45:29'),(2248,'10303',-92.3242,38.9446,'2016-04-15 13:45:32'),(2249,'10303',-92.3237,38.9447,'2016-04-15 13:45:35'),(2250,'10303',-92.3239,38.9447,'2016-04-15 13:45:42'),(2251,'10303',-92.3239,38.9445,'2016-04-15 13:45:47'),(2252,'10303',-92.3239,38.9446,'2016-04-15 13:45:53'),(2253,'10303',-92.324,38.9447,'2016-04-15 13:45:59'),(2254,'10303',-92.324,38.9442,'2016-04-15 13:46:05'),(2255,'10303',-92.324,38.9444,'2016-04-15 13:46:11'),(2256,'10303',-92.3241,38.9444,'2016-04-15 13:46:17'),(2257,'10303',-92.3242,38.9446,'2016-04-15 13:46:23'),(2258,'10303',-92.3239,38.9442,'2016-04-15 13:46:26'),(2259,'10303',-92.324,38.9437,'2016-04-15 13:46:29'),(2260,'10303',-92.324,38.9446,'2016-04-15 13:46:35'),(2261,'10303',-92.3239,38.9447,'2016-04-15 13:46:41'),(2262,'10303',-92.3237,38.9448,'2016-04-15 13:46:47'),(2263,'10303',-92.3233,38.9449,'2016-04-15 13:46:53'),(2264,'10303',-92.3241,38.9444,'2016-04-15 13:47:13'),(2265,'10303',-92.3242,38.9446,'2016-04-15 13:47:16'),(2266,'10303',-92.3238,38.9446,'2016-04-15 13:47:19'),(2267,'10303',-92.3237,38.9442,'2016-04-15 13:47:25'),(2268,'10303',-92.3241,38.9446,'2016-04-15 13:47:31'),(2269,'10303',-92.3242,38.9445,'2016-04-15 13:47:37'),(2270,'10303',-92.3242,38.9445,'2016-04-15 13:47:46'),(2271,'10303',-92.3242,38.9445,'2016-04-15 13:47:49'),(2272,'10303',-92.3242,38.9445,'2016-04-15 13:47:55'),(2273,'10303',-92.3243,38.9447,'2016-04-15 13:48:01'),(2274,'10303',-92.3242,38.9446,'2016-04-15 13:48:07'),(2275,'10303',-92.3243,38.9445,'2016-04-15 13:48:08'),(2276,'10303',-92.3238,38.9444,'2016-04-15 13:48:13'),(2277,'10303',-92.3239,38.9445,'2016-04-15 13:48:19'),(2278,'10303',-92.324,38.9445,'2016-04-15 13:48:26'),(2279,'10303',-92.3241,38.9445,'2016-04-15 13:48:32'),(2280,'10303',-92.3241,38.9446,'2016-04-15 13:48:37'),(2281,'10303',-92.3241,38.9446,'2016-04-15 13:48:43'),(2282,'10303',-92.324,38.9445,'2016-04-15 13:48:49'),(2283,'10303',-92.3241,38.9446,'2016-04-15 13:48:57'),(2284,'10303',-92.3242,38.9446,'2016-04-15 13:48:57'),(2285,'10303',-92.3242,38.9447,'2016-04-15 13:49:01'),(2286,'10303',-92.3243,38.9445,'2016-04-15 13:49:08'),(2287,'10303',-92.3241,38.9444,'2016-04-15 13:49:14'),(2288,'10303',-92.3239,38.9443,'2016-04-15 13:49:19'),(2289,'10303',-92.3235,38.944,'2016-04-15 13:49:25'),(2290,'10303',-92.3236,38.9441,'2016-04-15 13:49:32'),(2291,'10303',-92.3237,38.9442,'2016-04-15 13:49:38'),(2292,'10303',-92.3238,38.9441,'2016-04-15 13:49:45'),(2293,'10303',-92.3242,38.9446,'2016-04-15 13:49:48'),(2294,'10303',-92.3234,38.944,'2016-04-15 13:49:56'),(2295,'10303',-92.3238,38.9443,'2016-04-15 13:49:57'),(2296,'10303',-92.3238,38.9444,'2016-04-15 13:50:02'),(2297,'10303',-92.3242,38.9443,'2016-04-15 13:50:08'),(2298,'10303',-92.3241,38.9444,'2016-04-15 13:50:14'),(2299,'10303',-92.3241,38.9444,'2016-04-15 13:50:20'),(2300,'10303',-92.325,38.9442,'2016-04-15 13:50:26'),(2301,'10303',-92.3245,38.9446,'2016-04-15 13:50:32'),(2302,'10303',-92.3244,38.9446,'2016-04-15 13:50:38'),(2303,'10303',-92.3246,38.9444,'2016-04-15 13:50:44'),(2304,'10303',-92.3242,38.9446,'2016-04-15 13:50:46'),(2305,'10303',-92.3245,38.9439,'2016-04-15 13:50:50'),(2306,'10303',-92.3241,38.9445,'2016-04-15 13:50:56'),(2307,'10303',-92.324,38.9444,'2016-04-15 13:51:02'),(2308,'10303',-92.3239,38.9445,'2016-04-15 13:51:09'),(2309,'10303',-92.3239,38.9445,'2016-04-15 13:51:30'),(2310,'10303',-92.3239,38.9447,'2016-04-15 13:51:44'),(2311,'10303',-92.324,38.9446,'2016-04-15 13:51:51'),(2312,'10303',-92.324,38.9446,'2016-04-15 13:51:56'),(2313,'10303',-92.324,38.9446,'2016-04-15 13:52:01'),(2314,'10303',-92.324,38.9446,'2016-04-15 13:52:08'),(2315,'10303',-92.3239,38.9445,'2016-04-15 13:52:20'),(2316,'10303',-92.324,38.9447,'2016-04-15 13:52:26'),(2317,'10303',-92.324,38.9447,'2016-04-15 13:52:32'),(2318,'10303',-92.324,38.9446,'2016-04-15 13:52:39'),(2319,'10303',-92.324,38.9446,'2016-04-15 13:52:46'),(2320,'10303',-92.3241,38.9447,'2016-04-15 13:52:52'),(2321,'10303',-92.3241,38.9446,'2016-04-15 13:52:58'),(2322,'10303',-92.3241,38.9446,'2016-04-15 13:53:04'),(2323,'10303',-92.324,38.9446,'2016-04-15 13:53:10'),(2324,'10303',-92.3239,38.9445,'2016-04-15 13:53:13'),(2325,'10303',-92.3241,38.9445,'2016-04-15 13:53:16'),(2326,'10303',-92.3241,38.9445,'2016-04-15 13:53:21'),(2327,'10303',-92.3241,38.9446,'2016-04-15 13:53:28'),(2328,'10303',-92.3242,38.9446,'2016-04-15 13:53:34'),(2329,'10303',-92.3241,38.9446,'2016-04-15 13:53:40'),(2330,'10303',-92.324,38.9446,'2016-04-15 13:53:46'),(2331,'10303',-92.324,38.9447,'2016-04-15 13:53:52'),(2332,'10303',-92.324,38.9446,'2016-04-15 13:53:58'),(2333,'10303',-92.3239,38.9445,'2016-04-15 13:54:03'),(2334,'10303',-92.324,38.9446,'2016-04-15 13:54:04'),(2335,'10303',-92.3241,38.9447,'2016-04-15 13:54:10'),(2336,'10303',-92.3241,38.9447,'2016-04-15 13:54:16'),(2337,'10303',-92.3242,38.9446,'2016-04-15 13:54:21'),(2338,'10303',-92.3243,38.9447,'2016-04-15 13:54:28'),(2339,'10303',-92.3241,38.9446,'2016-04-15 13:54:34'),(2340,'10303',-92.324,38.9446,'2016-04-15 13:54:40'),(2341,'10303',-92.3241,38.9447,'2016-04-15 13:54:46'),(2342,'10303',-92.3246,38.9452,'2016-04-15 13:54:52'),(2343,'10303',-92.3239,38.9445,'2016-04-15 13:54:54'),(2344,'10303',-92.3242,38.9446,'2016-04-15 13:54:58'),(2345,'10303',-92.324,38.9445,'2016-04-15 13:55:04'),(2346,'10303',-92.3238,38.9446,'2016-04-15 13:55:10'),(2347,'10303',-92.3238,38.9446,'2016-04-15 13:55:16'),(2348,'10303',-92.3239,38.9445,'2016-04-15 13:55:21'),(2349,'10303',-92.3242,38.9445,'2016-04-15 13:55:28'),(2350,'10303',-92.3254,38.944,'2016-04-15 13:55:34'),(2351,'10303',-92.3265,38.9436,'2016-04-15 13:55:40'),(2352,'10303',-92.3239,38.9445,'2016-04-15 13:55:44'),(2353,'10303',-92.3269,38.9435,'2016-04-15 13:55:46'),(2354,'10303',-92.3246,38.9446,'2016-04-15 13:55:52'),(2355,'10303',-92.3242,38.9446,'2016-04-15 13:55:58'),(2356,'10303',-92.3241,38.9446,'2016-04-15 13:56:03'),(2357,'10303',-92.3241,38.9446,'2016-04-15 13:56:10'),(2358,'10303',-92.3241,38.9445,'2016-04-15 13:56:16'),(2359,'10303',-92.324,38.9446,'2016-04-15 13:56:22'),(2360,'10303',-92.3239,38.9446,'2016-04-15 13:56:28'),(2361,'10303',-92.324,38.9445,'2016-04-15 13:56:34'),(2362,'10303',-92.3239,38.9445,'2016-04-15 13:56:35'),(2363,'10303',-92.3241,38.9444,'2016-04-15 13:56:40'),(2364,'10303',-92.3244,38.9443,'2016-04-15 13:56:46'),(2365,'10303',-92.3247,38.944,'2016-04-15 13:56:52'),(2366,'10303',-92.3243,38.9446,'2016-04-15 13:56:58'),(2367,'10303',-92.3241,38.9446,'2016-04-15 13:57:07'),(2368,'10303',-92.324,38.9445,'2016-04-15 13:57:10'),(2369,'10303',-92.324,38.9445,'2016-04-15 13:57:17'),(2370,'10303',-92.3241,38.9444,'2016-04-15 13:57:21'),(2371,'10303',-92.3239,38.9445,'2016-04-15 13:57:26'),(2372,'10303',-92.3241,38.9445,'2016-04-15 13:57:28'),(2373,'10303',-92.3245,38.9447,'2016-04-15 13:57:34'),(2374,'10303',-92.3241,38.9445,'2016-04-15 13:57:40'),(2375,'10303',-92.3242,38.9445,'2016-04-15 13:57:46'),(2376,'10303',-92.3241,38.945,'2016-04-15 13:57:52'),(2377,'10303',-92.3238,38.9446,'2016-04-15 13:57:59'),(2378,'10303',-92.324,38.9445,'2016-04-15 13:58:04'),(2379,'10303',-92.3241,38.9444,'2016-04-15 13:58:10'),(2380,'10303',-92.3241,38.9444,'2016-04-15 13:58:16'),(2381,'10303',-92.3239,38.9445,'2016-04-15 13:58:17'),(2382,'10303',-92.3241,38.9444,'2016-04-15 13:58:22'),(2383,'10303',-92.3241,38.9444,'2016-04-15 13:58:29'),(2384,'10303',-92.3241,38.9445,'2016-04-15 13:58:34'),(2385,'10303',-92.3241,38.9445,'2016-04-15 13:58:43'),(2386,'10303',-92.3241,38.9444,'2016-04-15 13:58:46'),(2387,'10303',-92.3241,38.9444,'2016-04-15 13:58:52'),(2388,'10303',-92.3241,38.9444,'2016-04-15 13:59:07'),(2389,'10303',-92.3239,38.9445,'2016-04-15 13:59:13'),(2390,'10303',-92.3241,38.9445,'2016-04-15 13:59:15'),(2391,'10303',-92.3241,38.9445,'2016-04-15 13:59:19'),(2392,'10303',-92.3242,38.9446,'2016-04-15 13:59:25'),(2393,'10303',-92.3242,38.9445,'2016-04-15 13:59:31'),(2394,'10303',-92.3241,38.9445,'2016-04-15 13:59:36'),(2395,'10303',-92.3239,38.9445,'2016-04-15 13:59:42'),(2396,'10303',-92.3238,38.9445,'2016-04-15 13:59:49'),(2397,'10303',-92.3238,38.9445,'2016-04-15 13:59:56'),(2398,'10303',-92.3241,38.9447,'2016-04-15 14:00:03'),(2399,'10303',-92.3239,38.9445,'2016-04-15 14:00:06'),(2400,'10303',-92.3241,38.9446,'2016-04-15 14:00:09'),(2401,'10303',-92.3241,38.9446,'2016-04-15 14:00:15'),(2402,'10303',-92.324,38.9445,'2016-04-15 14:00:21'),(2403,'10303',-92.3238,38.9447,'2016-04-15 14:00:27'),(2404,'10303',-92.3239,38.9446,'2016-04-15 14:00:33'),(2405,'10303',-92.324,38.9446,'2016-04-15 14:00:39'),(2406,'10303',-92.3239,38.9446,'2016-04-15 14:00:45'),(2407,'10303',-92.3239,38.9446,'2016-04-15 14:00:51'),(2408,'10303',-92.3239,38.9445,'2016-04-15 14:00:57'),(2409,'10303',-92.3241,38.9445,'2016-04-15 14:00:57'),(2410,'10303',-92.324,38.9445,'2016-04-15 14:01:03'),(2411,'10303',-92.3241,38.9444,'2016-04-15 14:01:09'),(2412,'10303',-92.3241,38.9444,'2016-04-15 14:01:15'),(2413,'10303',-92.3241,38.9444,'2016-04-15 14:01:21'),(2414,'10303',-92.3241,38.9445,'2016-04-15 14:01:27'),(2415,'10303',-92.3241,38.9444,'2016-04-15 14:01:35'),(2416,'10303',-92.3241,38.9445,'2016-04-15 14:01:41'),(2417,'10303',-92.3241,38.9445,'2016-04-15 14:01:47'),(2418,'10303',-92.3239,38.9445,'2016-04-15 14:01:47'),(2419,'10303',-92.3241,38.9445,'2016-04-15 14:02:01'),(2420,'10303',-92.3241,38.9445,'2016-04-15 14:02:09'),(2421,'10303',-92.3241,38.9445,'2016-04-15 14:02:12'),(2422,'10303',-92.3242,38.9448,'2016-04-15 14:02:19'),(2423,'10303',-92.3241,38.9446,'2016-04-15 14:02:25'),(2424,'10303',-92.3241,38.9446,'2016-04-15 14:02:31'),(2425,'10303',-92.3241,38.9446,'2016-04-15 14:02:38'),(2426,'10303',-92.3239,38.9445,'2016-04-15 14:02:40'),(2427,'10303',-92.3241,38.9446,'2016-04-15 14:02:44'),(2428,'10303',-92.3241,38.9446,'2016-04-15 14:02:57'),(2429,'10303',-92.324,38.9446,'2016-04-15 14:03:03'),(2430,'10303',-92.324,38.9446,'2016-04-15 14:03:16'),(2431,'10303',-92.324,38.9446,'2016-04-15 14:03:23'),(2432,'10303',-92.324,38.9446,'2016-04-15 14:03:29'),(2433,'10303',-92.3239,38.9445,'2016-04-15 14:03:31'),(2434,'10303',-92.324,38.9446,'2016-04-15 14:03:34'),(2435,'10303',-92.3242,38.9445,'2016-04-15 14:03:41'),(2436,'10303',-92.3241,38.9446,'2016-04-15 14:03:47'),(2437,'10303',-92.324,38.9446,'2016-04-15 14:03:53'),(2438,'10303',-92.3242,38.9445,'2016-04-15 14:03:59'),(2439,'10303',-92.3242,38.9445,'2016-04-15 14:04:05'),(2440,'10303',-92.3241,38.9445,'2016-04-15 14:04:11'),(2441,'10303',-92.324,38.9445,'2016-04-15 14:04:17'),(2442,'10303',-92.3239,38.9445,'2016-04-15 14:04:22'),(2443,'10303',-92.3241,38.9444,'2016-04-15 14:04:23'),(2444,'10303',-92.3241,38.9445,'2016-04-15 14:04:29'),(2445,'10303',-92.3238,38.9445,'2016-04-15 14:04:34'),(2446,'10303',-92.3238,38.9445,'2016-04-15 14:04:41'),(2447,'10303',-92.3238,38.9445,'2016-04-15 14:04:46'),(2448,'10303',-92.3239,38.9445,'2016-04-15 14:04:53'),(2449,'10303',-92.3238,38.9445,'2016-04-15 14:04:58'),(2450,'10303',-92.324,38.9445,'2016-04-15 14:05:05'),(2451,'10303',-92.324,38.9445,'2016-04-15 14:05:11'),(2452,'10303',-92.3239,38.9445,'2016-04-15 14:05:14'),(2453,'10303',-92.3239,38.9445,'2016-04-15 14:05:17'),(2454,'10303',-92.3238,38.9445,'2016-04-15 14:05:23'),(2455,'10303',-92.3244,38.9449,'2016-04-15 14:05:29'),(2456,'10303',-92.3242,38.9446,'2016-04-15 14:05:35'),(2457,'10303',-92.3241,38.9445,'2016-04-15 14:05:41'),(2458,'10303',-92.3241,38.9445,'2016-04-15 14:05:47'),(2459,'10303',-92.3241,38.9445,'2016-04-15 14:05:53'),(2460,'10303',-92.3241,38.9445,'2016-04-15 14:05:58'),(2461,'10303',-92.3239,38.9445,'2016-04-15 14:06:05'),(2462,'10303',-92.3244,38.9442,'2016-04-15 14:06:05'),(2463,'10303',-92.3241,38.9445,'2016-04-15 14:06:11'),(2464,'10303',-92.324,38.9445,'2016-04-15 14:06:16'),(2465,'10303',-92.3241,38.9445,'2016-04-15 14:06:23'),(2466,'10303',-92.324,38.9445,'2016-04-15 14:06:29'),(2467,'10303',-92.324,38.9445,'2016-04-15 14:06:35'),(2468,'10303',-92.3241,38.9445,'2016-04-15 14:06:41'),(2469,'10303',-92.324,38.9444,'2016-04-15 14:06:47'),(2470,'10303',-92.324,38.9444,'2016-04-15 14:06:53'),(2471,'10303',-92.3239,38.9445,'2016-04-15 14:06:56'),(2472,'10303',-92.324,38.9444,'2016-04-15 14:06:58'),(2473,'10303',-92.3238,38.9444,'2016-04-15 14:07:05'),(2474,'10303',-92.3239,38.9444,'2016-04-15 14:07:11'),(2475,'10303',-92.3239,38.9444,'2016-04-15 14:07:19'),(2476,'10303',-92.3241,38.9443,'2016-04-15 14:07:23'),(2477,'10303',-92.3244,38.9443,'2016-04-15 14:07:29'),(2478,'10303',-92.3243,38.9443,'2016-04-15 14:07:35'),(2479,'10303',-92.3242,38.9443,'2016-04-15 14:07:40'),(2480,'10303',-92.3239,38.9445,'2016-04-15 14:07:47'),(2481,'10303',-92.3242,38.9443,'2016-04-15 14:07:47'),(2482,'10303',-92.3247,38.9449,'2016-04-15 14:07:53'),(2483,'10303',-92.3241,38.9445,'2016-04-15 14:07:59'),(2484,'10303',-92.3242,38.9443,'2016-04-15 14:08:05'),(2485,'10303',-92.3242,38.9442,'2016-04-15 14:08:11'),(2486,'10303',-92.3242,38.9443,'2016-04-15 14:08:17'),(2487,'10303',-92.3241,38.9442,'2016-04-15 14:08:23'),(2488,'10303',-92.324,38.9443,'2016-04-15 14:08:29'),(2489,'10303',-92.3241,38.9443,'2016-04-15 14:08:35'),(2490,'10303',-92.3239,38.9445,'2016-04-15 14:08:39'),(2491,'10303',-92.324,38.9443,'2016-04-15 14:08:42'),(2492,'10303',-92.3239,38.9442,'2016-04-15 14:08:46'),(2493,'10303',-92.3233,38.9443,'2016-04-15 14:08:53'),(2494,'10303',-92.3241,38.9443,'2016-04-15 14:08:59'),(2495,'10303',-92.3241,38.9443,'2016-04-15 14:09:05'),(2496,'10303',-92.3238,38.944,'2016-04-15 14:09:11'),(2497,'10303',-92.3239,38.9444,'2016-04-15 14:09:17'),(2498,'10303',-92.3241,38.9443,'2016-04-15 14:09:22'),(2499,'10303',-92.324,38.9441,'2016-04-15 14:09:29'),(2500,'10303',-92.3239,38.9445,'2016-04-15 14:09:31'),(2501,'10303',-92.3236,38.9442,'2016-04-15 14:09:35'),(2502,'10303',-92.3239,38.9442,'2016-04-15 14:09:41'),(2503,'10303',-92.3242,38.9442,'2016-04-15 14:09:46'),(2504,'10303',-92.3243,38.9441,'2016-04-15 14:09:53'),(2505,'10303',-92.3242,38.9441,'2016-04-15 14:09:59'),(2506,'10303',-92.3243,38.9442,'2016-04-15 14:10:05'),(2507,'10303',-92.324,38.9442,'2016-04-15 14:10:11'),(2508,'10303',-92.3238,38.9442,'2016-04-15 14:10:17'),(2509,'10303',-92.3239,38.9445,'2016-04-15 14:10:22'),(2510,'10303',-92.3241,38.9443,'2016-04-15 14:10:23'),(2511,'10303',-92.3241,38.9443,'2016-04-15 14:10:29'),(2512,'10303',-92.3237,38.9436,'2016-04-15 14:10:35'),(2513,'10303',-92.3237,38.9431,'2016-04-15 14:10:41'),(2514,'10303',-92.324,38.9442,'2016-04-15 14:10:46'),(2515,'10303',-92.3238,38.9444,'2016-04-15 14:10:53'),(2516,'10303',-92.3239,38.9444,'2016-04-15 14:10:59'),(2517,'10303',-92.3239,38.9444,'2016-04-15 14:11:05'),(2518,'10303',-92.3239,38.9443,'2016-04-15 14:11:12'),(2519,'10303',-92.3239,38.9445,'2016-04-15 14:11:14'),(2520,'10303',-92.324,38.9443,'2016-04-15 14:11:17'),(2521,'10303',-92.324,38.9443,'2016-04-15 14:11:23'),(2522,'10303',-92.324,38.9443,'2016-04-15 14:11:29'),(2523,'10303',-92.3236,38.9441,'2016-04-15 14:11:35'),(2524,'10303',-92.3239,38.9443,'2016-04-15 14:11:41'),(2525,'10303',-92.3239,38.9444,'2016-04-15 14:11:46'),(2526,'10303',-92.3238,38.9444,'2016-04-15 14:11:53'),(2527,'10303',-92.3239,38.9444,'2016-04-15 14:11:59'),(2528,'10303',-92.3239,38.9445,'2016-04-15 14:12:04'),(2529,'10303',-92.3239,38.9444,'2016-04-15 14:12:05'),(2530,'10303',-92.3239,38.9445,'2016-04-15 14:12:12'),(2531,'10303',-92.3239,38.9445,'2016-04-15 14:12:17'),(2532,'10303',-92.3239,38.9446,'2016-04-15 14:12:23'),(2533,'10303',-92.324,38.9445,'2016-04-15 14:12:29'),(2534,'10303',-92.324,38.9445,'2016-04-15 14:12:35'),(2535,'10303',-92.324,38.9445,'2016-04-15 14:12:41'),(2536,'10303',-92.324,38.9445,'2016-04-15 14:12:46'),(2537,'10303',-92.3241,38.9445,'2016-04-15 14:12:53'),(2538,'10303',-92.3239,38.9445,'2016-04-15 14:12:55'),(2539,'10303',-92.3241,38.9445,'2016-04-15 14:12:59'),(2540,'10303',-92.324,38.9445,'2016-04-15 14:13:06'),(2541,'10303',-92.3235,38.9447,'2016-04-15 14:13:13'),(2542,'10303',-92.3239,38.9445,'2016-04-15 14:13:19'),(2543,'10303',-92.324,38.9445,'2016-04-15 14:13:25'),(2544,'10303',-92.3238,38.9445,'2016-04-15 14:13:31'),(2545,'10303',-92.3232,38.9449,'2016-04-15 14:13:37'),(2546,'10303',-92.3239,38.9445,'2016-04-15 14:13:43'),(2547,'10303',-92.3239,38.9445,'2016-04-15 14:13:46'),(2548,'10303',-92.3239,38.9445,'2016-04-15 14:13:49'),(2549,'10303',-92.3238,38.9443,'2016-04-15 14:13:55'),(2550,'10303',-92.3239,38.9445,'2016-04-15 14:14:01'),(2551,'10303',-92.324,38.9445,'2016-04-15 14:14:06'),(2552,'10303',-92.3238,38.9442,'2016-04-15 14:14:13'),(2553,'10303',-92.3239,38.9444,'2016-04-15 14:14:19'),(2554,'10303',-92.3239,38.9445,'2016-04-15 14:14:25'),(2555,'10303',-92.324,38.9445,'2016-04-15 14:14:30'),(2556,'10303',-92.3239,38.9445,'2016-04-15 14:14:36'),(2557,'10303',-92.324,38.9445,'2016-04-15 14:14:41'),(2558,'10303',-92.324,38.9445,'2016-04-15 14:14:44'),(2559,'10303',-92.324,38.9445,'2016-04-15 14:14:49'),(2560,'10303',-92.324,38.944,'2016-04-15 14:14:55'),(2561,'10303',-92.3239,38.944,'2016-04-15 14:15:00'),(2562,'10303',-92.3239,38.9444,'2016-04-15 14:15:06'),(2563,'10303',-92.3239,38.9444,'2016-04-15 14:15:12'),(2564,'10303',-92.3239,38.9444,'2016-04-15 14:15:22'),(2565,'10303',-92.324,38.9444,'2016-04-15 14:15:28'),(2566,'10303',-92.3239,38.9445,'2016-04-15 14:15:31'),(2567,'10303',-92.324,38.9444,'2016-04-15 14:15:34'),(2568,'10303',-92.3239,38.9446,'2016-04-15 14:15:41'),(2569,'10303',-92.3242,38.9445,'2016-04-15 14:15:46'),(2570,'10303',-92.3243,38.9445,'2016-04-15 14:15:55'),(2571,'10303',-92.3241,38.9447,'2016-04-15 14:15:59'),(2572,'10303',-92.3242,38.9448,'2016-04-15 14:16:05'),(2573,'10303',-92.324,38.9448,'2016-04-15 14:16:11'),(2574,'10303',-92.3237,38.9449,'2016-04-15 14:16:16'),(2575,'10303',-92.3239,38.9445,'2016-04-15 14:16:21'),(2576,'10303',-92.3238,38.9447,'2016-04-15 14:16:23'),(2577,'10303',-92.3238,38.9447,'2016-04-15 14:16:28'),(2578,'10303',-92.3236,38.9446,'2016-04-15 14:16:35'),(2579,'10303',-92.3234,38.9442,'2016-04-15 14:16:41'),(2580,'10303',-92.3232,38.9441,'2016-04-15 14:16:46'),(2581,'10303',-92.3245,38.9461,'2016-04-15 14:16:54'),(2582,'10303',-92.3249,38.9469,'2016-04-15 14:17:00'),(2583,'10303',-92.3249,38.9471,'2016-04-15 14:17:05'),(2584,'10303',-92.3239,38.9445,'2016-04-15 14:17:13'),(2585,'10303',-92.3241,38.9444,'2016-04-15 14:17:50'),(2586,'10303',-92.3237,38.9451,'2016-04-15 14:17:56'),(2587,'10303',-92.324,38.9448,'2016-04-15 14:18:02'),(2588,'10303',-92.3239,38.9445,'2016-04-15 14:18:06'),(2589,'10303',-92.3238,38.9445,'2016-04-15 14:18:07'),(2590,'10303',-92.3237,38.9448,'2016-04-15 14:18:14'),(2591,'10303',-92.3236,38.9461,'2016-04-15 14:18:19'),(2592,'10303',-92.324,38.9445,'2016-04-15 14:18:44'),(2593,'10303',-92.324,38.9446,'2016-04-15 14:18:50'),(2594,'10303',-92.3238,38.9445,'2016-04-15 14:18:56'),(2595,'10303',-92.3239,38.9445,'2016-04-15 14:18:57'),(2596,'10303',-92.3239,38.9443,'2016-04-15 14:19:02'),(2597,'10303',-92.3241,38.9445,'2016-04-15 14:19:08'),(2598,'10303',-92.3244,38.9445,'2016-04-15 14:19:14'),(2599,'10303',-92.3245,38.9446,'2016-04-15 14:19:20'),(2600,'10303',-92.3232,38.9449,'2016-04-15 14:19:26'),(2601,'10303',-92.3234,38.9445,'2016-04-15 14:19:33'),(2602,'10303',-92.3235,38.9445,'2016-04-15 14:19:38'),(2603,'10303',-92.3232,38.9444,'2016-04-15 14:19:44'),(2604,'10303',-92.3239,38.9445,'2016-04-15 14:19:48'),(2605,'10303',-92.3229,38.9439,'2016-04-15 14:19:57'),(2606,'10303',-92.3232,38.9431,'2016-04-15 14:19:57'),(2607,'10303',-92.3234,38.9435,'2016-04-15 14:20:03'),(2608,'10303',-92.3238,38.9439,'2016-04-15 14:20:09'),(2609,'10303',-92.3239,38.9445,'2016-04-15 14:20:47'),(2610,'10303',-92.324,38.9448,'2016-04-15 14:20:48'),(2611,'10303',-92.3241,38.9447,'2016-04-15 14:20:54'),(2612,'10303',-92.3239,38.9448,'2016-04-15 14:21:11'),(2613,'10303',-92.3242,38.9449,'2016-04-15 14:21:17'),(2614,'10303',-92.3241,38.9447,'2016-04-15 14:21:23'),(2615,'10303',-92.3243,38.9445,'2016-04-15 14:21:29'),(2616,'10303',-92.3241,38.9446,'2016-04-15 14:21:35'),(2617,'10303',-92.3239,38.9445,'2016-04-15 14:21:37'),(2618,'10303',-92.324,38.9446,'2016-04-15 14:21:40'),(2619,'10303',-92.3244,38.9446,'2016-04-15 14:21:47'),(2620,'10303',-92.3245,38.9447,'2016-04-15 14:21:53'),(2621,'10303',-92.3243,38.9448,'2016-04-15 14:21:58'),(2622,'10303',-92.3239,38.9447,'2016-04-15 14:22:05'),(2623,'10303',-92.324,38.9448,'2016-04-15 14:22:11'),(2624,'10303',-92.3239,38.9445,'2016-04-15 14:22:17'),(2625,'10303',-92.3239,38.9445,'2016-04-15 14:22:23'),(2626,'10303',-92.3239,38.9445,'2016-04-15 14:22:28'),(2627,'10303',-92.324,38.9445,'2016-04-15 14:22:29'),(2628,'10303',-92.3245,38.9445,'2016-04-15 14:22:35'),(2629,'10303',-92.3242,38.9446,'2016-04-15 14:22:40'),(2630,'10303',-92.3244,38.9445,'2016-04-15 14:22:47'),(2631,'10303',-92.3244,38.9437,'2016-04-15 14:22:53'),(2632,'10303',-92.3237,38.9436,'2016-04-15 14:22:58'),(2633,'10303',-92.3245,38.944,'2016-04-15 14:23:05'),(2634,'10303',-92.3242,38.9441,'2016-04-15 14:23:11'),(2635,'10303',-92.3239,38.9445,'2016-04-15 14:23:17'),(2636,'10303',-92.3239,38.9445,'2016-04-15 14:23:25'),(2637,'10303',-92.3238,38.9445,'2016-04-15 14:23:25'),(2638,'10303',-92.3238,38.9445,'2016-04-15 14:23:29'),(2639,'10303',-92.3238,38.9445,'2016-04-15 14:23:35'),(2640,'10303',-92.3239,38.9444,'2016-04-15 14:23:41'),(2641,'10303',-92.3238,38.9445,'2016-04-15 14:23:51'),(2642,'10303',-92.3239,38.9446,'2016-04-15 14:23:53'),(2643,'10303',-92.3241,38.9446,'2016-04-15 14:23:59'),(2644,'10303',-92.3243,38.9445,'2016-04-15 14:24:04'),(2645,'10303',-92.324,38.9447,'2016-04-15 14:24:11'),(2646,'10303',-92.3239,38.9445,'2016-04-15 14:24:16'),(2647,'10303',-92.3237,38.9449,'2016-04-15 14:24:17'),(2648,'10303',-92.3236,38.9444,'2016-04-15 14:24:22'),(2649,'10303',-92.3228,38.9442,'2016-04-15 14:24:29'),(2650,'10303',-92.3239,38.9445,'2016-04-15 14:25:07'),(2651,'10303',-92.3239,38.9445,'2016-04-15 14:25:59'),(2652,'10303',-92.3239,38.9445,'2016-04-15 14:26:50'),(2653,'10303',-92.3239,38.9445,'2016-04-15 14:27:44'),(2654,'10303',-92.3242,38.9446,'2016-04-15 14:28:02'),(2655,'10303',-92.3235,38.9442,'2016-04-15 14:28:17'),(2656,'10303',-92.3233,38.9442,'2016-04-15 14:28:22'),(2657,'10303',-92.323,38.9443,'2016-04-15 14:28:29'),(2658,'10303',-92.3239,38.9445,'2016-04-15 14:28:35'),(2659,'10303',-92.3236,38.9433,'2016-04-15 14:28:36'),(2660,'10303',-92.324,38.9443,'2016-04-15 14:28:42'),(2661,'10303',-92.324,38.9443,'2016-04-15 14:31:00'),(2662,'10303',-92.3238,38.9446,'2016-04-15 14:31:10'),(2663,'10303',-92.324,38.9443,'2016-04-15 14:31:16'),(2664,'10303',-92.3238,38.9441,'2016-04-15 14:31:22'),(2665,'10303',-92.3243,38.9442,'2016-04-15 14:31:35'),(2666,'10303',-92.3241,38.944,'2016-04-15 14:31:48'),(2667,'10303',-92.3254,38.9434,'2016-04-15 14:31:50'),(2668,'10303',-92.324,38.9443,'2016-04-15 14:31:53'),(2669,'10303',-92.3245,38.9441,'2016-04-15 14:31:54'),(2670,'10303',-92.3243,38.9444,'2016-04-15 14:32:00'),(2671,'10303',-92.3239,38.9437,'2016-04-15 14:35:50'),(2672,'10303',-92.3241,38.9446,'2016-04-15 14:36:38'),(2673,'10303',-92.3239,38.9437,'2016-04-15 14:36:42'),(2674,'10303',-92.3241,38.9446,'2016-04-15 14:36:44'),(2675,'10303',-92.3241,38.9446,'2016-04-15 14:36:50'),(2676,'10303',-92.3241,38.9446,'2016-04-15 14:48:46'),(2677,'10303',-92.324,38.9447,'2016-04-15 14:48:56'),(2678,'10303',-92.324,38.9448,'2016-04-15 14:49:02'),(2679,'10303',-92.3238,38.9448,'2016-04-15 14:49:08'),(2680,'10303',-92.3222,38.9451,'2016-04-15 14:51:39'),(2681,'10303',-92.3241,38.9449,'2016-04-15 14:53:19'),(2682,'10303',-92.324,38.9439,'2016-04-15 14:53:31'),(2683,'10303',-92.3241,38.9441,'2016-04-15 14:53:37'),(2684,'10303',-92.324,38.9444,'2016-04-15 14:53:43'),(2685,'10303',-92.3241,38.9443,'2016-04-15 14:53:49'),(2686,'10303',-92.3241,38.944,'2016-04-15 14:53:55'),(2687,'10303',-92.3242,38.9439,'2016-04-15 14:54:01'),(2688,'10303',-92.3242,38.9439,'2016-04-15 14:54:07'),(2689,'10303',-92.3241,38.9449,'2016-04-15 14:54:10'),(2690,'10303',-92.3242,38.9443,'2016-04-15 14:54:14'),(2691,'10303',-92.3241,38.9447,'2016-04-15 14:54:20'),(2692,'10303',-92.324,38.9449,'2016-04-15 14:54:25'),(2693,'10303',-92.3241,38.9448,'2016-04-15 14:54:31'),(2694,'10303',-92.3241,38.9448,'2016-04-15 14:54:37'),(2695,'10303',-92.3241,38.9448,'2016-04-15 14:54:43'),(2696,'10303',-92.3241,38.9447,'2016-04-15 14:54:49'),(2697,'10303',-92.3241,38.9447,'2016-04-15 14:54:55'),(2698,'10303',-92.3241,38.9449,'2016-04-15 14:55:01'),(2699,'10303',-92.324,38.9447,'2016-04-15 14:55:03'),(2700,'10303',-92.324,38.9446,'2016-04-15 14:55:07'),(2701,'10303',-92.3241,38.9446,'2016-04-15 14:55:15'),(2702,'10303',-92.3241,38.9446,'2016-04-15 14:55:20'),(2703,'10303',-92.3241,38.9446,'2016-04-15 14:55:25'),(2704,'10303',-92.3241,38.9445,'2016-04-15 14:55:33'),(2705,'10303',-92.3241,38.9446,'2016-04-15 14:55:39'),(2706,'10303',-92.3241,38.9446,'2016-04-15 14:55:44'),(2707,'10303',-92.3241,38.9446,'2016-04-15 14:55:51'),(2708,'10303',-92.3241,38.9449,'2016-04-15 14:55:53'),(2709,'10303',-92.3241,38.9445,'2016-04-15 14:55:56'),(2710,'10303',-92.3241,38.9445,'2016-04-15 14:56:02'),(2711,'10303',-92.3241,38.9445,'2016-04-15 14:56:08'),(2712,'10303',-92.3241,38.9445,'2016-04-15 14:56:17'),(2713,'10303',-92.3242,38.9445,'2016-04-15 14:56:23'),(2714,'10303',-92.3242,38.9445,'2016-04-15 14:56:29'),(2715,'10303',-92.3242,38.9444,'2016-04-15 14:56:35'),(2716,'10303',-92.3241,38.9443,'2016-04-15 14:56:41'),(2717,'10303',-92.3241,38.9449,'2016-04-15 14:56:44'),(2718,'10303',-92.3241,38.9443,'2016-04-15 14:56:47'),(2719,'10303',-92.3241,38.9443,'2016-04-15 14:56:59'),(2720,'10303',-92.3241,38.9443,'2016-04-15 14:57:05'),(2721,'10303',-92.3241,38.9443,'2016-04-15 14:57:12'),(2722,'10303',-92.3241,38.9444,'2016-04-15 14:57:17'),(2723,'10303',-92.3241,38.9442,'2016-04-15 14:57:23'),(2724,'10303',-92.3241,38.9442,'2016-04-15 14:57:29'),(2725,'10303',-92.3241,38.9449,'2016-04-15 14:57:35'),(2726,'10303',-92.3241,38.9442,'2016-04-15 14:57:35'),(2727,'10303',-92.3241,38.9441,'2016-04-15 14:57:41'),(2728,'10303',-92.3241,38.9441,'2016-04-15 14:57:48'),(2729,'10303',-92.3241,38.9442,'2016-04-15 14:57:53'),(2730,'10303',-92.324,38.9442,'2016-04-15 14:57:59'),(2731,'10303',-92.324,38.9442,'2016-04-15 14:58:05'),(2732,'10303',-92.324,38.9442,'2016-04-15 14:58:11'),(2733,'10303',-92.324,38.9443,'2016-04-15 14:58:17'),(2734,'10303',-92.324,38.9443,'2016-04-15 14:58:27'),(2735,'10303',-92.3241,38.9449,'2016-04-15 14:58:27'),(2736,'10303',-92.324,38.9444,'2016-04-15 14:58:30'),(2737,'10303',-92.324,38.9445,'2016-04-15 14:58:35'),(2738,'10303',-92.3242,38.9441,'2016-04-15 14:58:41'),(2739,'10303',-92.3239,38.9438,'2016-04-15 14:58:47'),(2740,'10303',-92.3239,38.9441,'2016-04-15 14:58:53'),(2741,'10303',-92.3239,38.9442,'2016-04-15 14:58:59'),(2742,'10303',-92.3243,38.9444,'2016-04-15 14:59:06'),(2743,'10303',-92.3242,38.9444,'2016-04-15 14:59:11'),(2744,'10303',-92.324,38.9445,'2016-04-15 14:59:17'),(2745,'10303',-92.3241,38.9449,'2016-04-15 14:59:17'),(2746,'10303',-92.3239,38.9443,'2016-04-15 14:59:23'),(2747,'10303',-92.3241,38.9441,'2016-04-15 14:59:30'),(2748,'10303',-92.3242,38.9446,'2016-04-15 14:59:35'),(2749,'10303',-92.324,38.9446,'2016-04-15 14:59:41'),(2750,'10303',-92.3243,38.9443,'2016-04-15 14:59:48'),(2751,'10303',-92.3245,38.9443,'2016-04-15 14:59:54'),(2752,'10303',-92.3243,38.9444,'2016-04-15 14:59:59'),(2753,'10303',-92.3243,38.9443,'2016-04-15 15:00:05'),(2754,'10303',-92.3241,38.9449,'2016-04-15 15:00:08'),(2755,'10303',-92.3242,38.9443,'2016-04-15 15:00:11'),(2756,'10303',-92.3241,38.9444,'2016-04-15 15:00:17'),(2757,'10303',-92.324,38.9444,'2016-04-15 15:00:24'),(2758,'10303',-92.324,38.9444,'2016-04-15 15:00:29'),(2759,'10303',-92.3241,38.9445,'2016-04-15 15:00:35'),(2760,'10303',-92.324,38.9446,'2016-04-15 15:00:41'),(2761,'10303',-92.3241,38.9446,'2016-04-15 15:00:47'),(2762,'10303',-92.324,38.9446,'2016-04-15 15:00:55'),(2763,'10303',-92.3241,38.9449,'2016-04-15 15:00:59'),(2764,'10303',-92.3241,38.9447,'2016-04-15 15:01:01'),(2765,'10303',-92.3245,38.9454,'2016-04-15 15:01:08'),(2766,'10303',-92.3249,38.9448,'2016-04-15 15:01:14'),(2767,'10303',-92.3245,38.9447,'2016-04-15 15:01:19'),(2768,'10303',-92.3242,38.9447,'2016-04-15 15:01:26'),(2769,'10303',-92.3241,38.9445,'2016-04-15 15:01:32'),(2770,'10303',-92.3241,38.9446,'2016-04-15 15:01:37'),(2771,'10303',-92.324,38.9446,'2016-04-15 15:01:43'),(2772,'10303',-92.3241,38.9449,'2016-04-15 15:01:49'),(2773,'10303',-92.3241,38.9445,'2016-04-15 15:01:49'),(2774,'10303',-92.3241,38.9444,'2016-04-15 15:01:56'),(2775,'10303',-92.324,38.9446,'2016-04-15 15:02:01'),(2776,'10303',-92.324,38.9446,'2016-04-15 15:02:08'),(2777,'10303',-92.324,38.9446,'2016-04-15 15:02:13'),(2778,'10303',-92.324,38.9446,'2016-04-15 15:02:19'),(2779,'10303',-92.3241,38.9443,'2016-04-15 15:02:26'),(2780,'10303',-92.3241,38.9445,'2016-04-15 15:02:32'),(2781,'10303',-92.3241,38.9446,'2016-04-15 15:02:37'),(2782,'10303',-92.3241,38.9449,'2016-04-15 15:02:40'),(2783,'10303',-92.324,38.9445,'2016-04-15 15:02:45'),(2784,'10303',-92.324,38.9445,'2016-04-15 15:02:51'),(2785,'10303',-92.3239,38.9446,'2016-04-15 15:02:56'),(2786,'10303',-92.324,38.9446,'2016-04-15 15:03:03'),(2787,'10303',-92.324,38.9446,'2016-04-15 15:03:10'),(2788,'10303',-92.3238,38.9446,'2016-04-15 15:03:15'),(2789,'10303',-92.3237,38.9446,'2016-04-15 15:03:20'),(2790,'10303',-92.3236,38.9446,'2016-04-15 15:03:26'),(2791,'10303',-92.3241,38.9449,'2016-04-15 15:03:31'),(2792,'10303',-92.3238,38.9445,'2016-04-15 15:03:32'),(2793,'10303',-92.324,38.9446,'2016-04-15 15:03:38'),(2794,'10303',-92.324,38.9445,'2016-04-15 15:03:44'),(2795,'10303',-92.324,38.9445,'2016-04-15 15:03:50'),(2796,'10303',-92.324,38.9447,'2016-04-15 15:03:56'),(2797,'10303',-92.3239,38.9447,'2016-04-15 15:04:05'),(2798,'10303',-92.3237,38.9448,'2016-04-15 15:04:10'),(2799,'10303',-92.3231,38.945,'2016-04-15 15:04:16'),(2800,'10303',-92.324,38.9446,'2016-04-15 15:04:22'),(2801,'10303',-92.3241,38.9449,'2016-04-15 15:04:22'),(2802,'10303',-92.3244,38.9442,'2016-04-15 15:04:27'),(2803,'10303',-92.3243,38.9441,'2016-04-15 15:04:35'),(2804,'10303',-92.3242,38.9444,'2016-04-15 15:04:40'),(2805,'10303',-92.3243,38.9445,'2016-04-15 15:04:46'),(2806,'10303',-92.3243,38.9439,'2016-04-15 15:04:52'),(2807,'10303',-92.3244,38.9436,'2016-04-15 15:04:59'),(2808,'10303',-92.3244,38.9436,'2016-04-15 15:05:04'),(2809,'10303',-92.3242,38.9438,'2016-04-15 15:05:10'),(2810,'10303',-92.3241,38.9449,'2016-04-15 15:05:12'),(2811,'10303',-92.3241,38.9439,'2016-04-15 15:05:16'),(2812,'10303',-92.3241,38.9442,'2016-04-15 15:05:22'),(2813,'10303',-92.3242,38.9441,'2016-04-15 15:05:28'),(2814,'10303',-92.3241,38.9443,'2016-04-15 15:05:34'),(2815,'10303',-92.3241,38.9445,'2016-04-15 15:05:40'),(2816,'10303',-92.3241,38.9444,'2016-04-15 15:05:46'),(2817,'10303',-92.324,38.9445,'2016-04-15 15:05:54'),(2818,'10303',-92.324,38.9446,'2016-04-15 15:05:58'),(2819,'10303',-92.3241,38.9449,'2016-04-15 15:06:03'),(2820,'10303',-92.324,38.9445,'2016-04-15 15:06:04'),(2821,'10303',-92.3243,38.9433,'2016-04-15 15:06:11'),(2822,'10303',-92.324,38.9444,'2016-04-15 15:06:20'),(2823,'10303',-92.3239,38.9447,'2016-04-15 15:06:22'),(2824,'10303',-92.3231,38.9449,'2016-04-15 15:06:29'),(2825,'10303',-92.3234,38.9448,'2016-04-15 15:06:35'),(2826,'10303',-92.3234,38.9448,'2016-04-15 15:06:40'),(2827,'10303',-92.324,38.9445,'2016-04-15 15:06:47'),(2828,'10303',-92.3239,38.9446,'2016-04-15 15:06:52'),(2829,'10303',-92.3241,38.9449,'2016-04-15 15:06:58'),(2830,'10303',-92.324,38.9446,'2016-04-15 15:07:00'),(2831,'10303',-92.3239,38.9446,'2016-04-15 15:07:06'),(2832,'10303',-92.3239,38.9446,'2016-04-15 15:07:12'),(2833,'10303',-92.3238,38.9446,'2016-04-15 15:07:19'),(2834,'10303',-92.3234,38.9444,'2016-04-15 15:07:24'),(2835,'10303',-92.3232,38.944,'2016-04-15 15:07:30'),(2836,'10303',-92.3226,38.9439,'2016-04-15 15:07:36'),(2837,'10303',-92.3222,38.9437,'2016-04-15 15:07:42'),(2838,'10303',-92.3221,38.9437,'2016-04-15 15:07:48'),(2839,'10303',-92.3241,38.9449,'2016-04-15 15:07:49'),(2840,'10303',-92.3223,38.9437,'2016-04-15 15:07:54'),(2841,'10303',-92.3238,38.9444,'2016-04-15 15:08:00'),(2842,'10303',-92.3235,38.9442,'2016-04-15 15:08:06'),(2843,'10303',-92.324,38.9445,'2016-04-15 15:08:12'),(2844,'10303',-92.3242,38.9444,'2016-04-15 15:08:18'),(2845,'10303',-92.3242,38.9445,'2016-04-15 15:08:24'),(2846,'10303',-92.3239,38.9446,'2016-04-15 15:08:30'),(2847,'10303',-92.3241,38.9444,'2016-04-15 15:08:36'),(2848,'10303',-92.3241,38.9449,'2016-04-15 15:08:40'),(2849,'10303',-92.3245,38.9446,'2016-04-15 15:08:42'),(2850,'10303',-92.3245,38.9448,'2016-04-15 15:08:48'),(2851,'10303',-92.3245,38.9445,'2016-04-15 15:08:54'),(2852,'10303',-92.3244,38.9445,'2016-04-15 15:09:00'),(2853,'10303',-92.3241,38.9446,'2016-04-15 15:09:06'),(2854,'10303',-92.324,38.9446,'2016-04-15 15:15:22'),(2855,'10303',-92.324,38.9446,'2016-04-15 15:16:16'),(2856,'10303',-92.3239,38.9446,'2016-04-15 15:16:17'),(2857,'10303',-92.324,38.9445,'2016-04-15 15:16:21'),(2858,'10303',-92.3239,38.9446,'2016-04-15 15:16:26'),(2859,'10303',-92.3237,38.9444,'2016-04-15 15:16:33'),(2860,'10303',-92.3238,38.9445,'2016-04-15 15:16:39'),(2861,'10303',-92.3241,38.9445,'2016-04-15 15:16:44'),(2862,'10303',-92.3241,38.9445,'2016-04-15 15:16:51'),(2863,'10303',-92.324,38.9445,'2016-04-15 15:16:57'),(2864,'10303',-92.3238,38.9444,'2016-04-15 15:17:02'),(2865,'10303',-92.324,38.9446,'2016-04-15 15:17:07'),(2866,'10303',-92.3241,38.9446,'2016-04-15 15:17:08'),(2867,'10303',-92.3241,38.9446,'2016-04-15 15:17:15'),(2868,'10303',-92.324,38.9446,'2016-04-15 15:17:21'),(2869,'10303',-92.3241,38.9446,'2016-04-15 15:17:30'),(2870,'10303',-92.3241,38.9447,'2016-04-15 15:17:36'),(2871,'10303',-92.3241,38.9447,'2016-04-15 15:17:42'),(2872,'10303',-92.3241,38.9447,'2016-04-15 15:17:47'),(2873,'10303',-92.3242,38.9447,'2016-04-15 15:17:54'),(2874,'10303',-92.324,38.9446,'2016-04-15 15:17:58'),(2875,'10303',-92.3242,38.9447,'2016-04-15 15:18:00'),(2876,'10303',-92.3241,38.9446,'2016-04-15 15:18:06'),(2877,'10303',-92.3242,38.9446,'2016-04-15 15:18:11'),(2878,'10303',-92.3243,38.9446,'2016-04-15 15:18:18'),(2879,'10303',-92.3243,38.9447,'2016-04-15 15:18:24'),(2880,'10303',-92.3243,38.9447,'2016-04-15 15:18:30'),(2881,'10303',-92.3245,38.9447,'2016-04-15 15:18:36'),(2882,'10303',-92.3244,38.9447,'2016-04-15 15:18:43'),(2883,'10303',-92.324,38.9446,'2016-04-15 15:18:49'),(2884,'10303',-92.3241,38.9446,'2016-04-15 15:18:49'),(2885,'10303',-92.324,38.9446,'2016-04-15 15:18:54'),(2886,'10303',-92.3241,38.9446,'2016-04-15 15:19:02'),(2887,'10303',-92.3241,38.9446,'2016-04-15 15:19:07'),(2888,'10303',-92.3239,38.9447,'2016-04-15 15:19:12'),(2889,'10303',-92.3236,38.9447,'2016-04-15 15:19:19'),(2890,'10303',-92.3241,38.9447,'2016-04-15 15:19:25'),(2891,'10303',-92.3243,38.9447,'2016-04-15 15:19:31'),(2892,'10303',-92.3243,38.9446,'2016-04-15 15:19:37'),(2893,'10303',-92.324,38.9446,'2016-04-15 15:19:40'),(2894,'10303',-92.3256,38.9442,'2016-04-15 15:19:43'),(2895,'10303',-92.3242,38.9443,'2016-04-15 15:19:49'),(2896,'10303',-92.3241,38.9445,'2016-04-15 15:19:54'),(2897,'10303',-92.3246,38.945,'2016-04-15 15:20:01'),(2898,'10303',-92.3239,38.9451,'2016-04-15 15:20:07'),(2899,'10303',-92.3229,38.9456,'2016-04-15 15:20:12'),(2900,'10303',-92.324,38.9446,'2016-04-15 15:20:30'),(2901,'10303',-92.3233,38.9445,'2016-04-15 15:20:46'),(2902,'10303',-92.324,38.9445,'2016-04-15 15:20:51'),(2903,'10303',-92.3239,38.9445,'2016-04-15 15:20:58'),(2904,'10303',-92.3242,38.9442,'2016-04-15 15:21:08'),(2905,'10303',-92.3242,38.9446,'2016-04-15 15:21:13'),(2906,'10303',-92.3244,38.9447,'2016-04-15 15:21:20'),(2907,'10303',-92.324,38.9446,'2016-04-15 15:21:21'),(2908,'10303',-92.3249,38.945,'2016-04-15 15:21:26'),(2909,'10303',-92.3242,38.9447,'2016-04-15 15:21:32'),(2910,'10303',-92.3243,38.9445,'2016-04-15 15:21:38'),(2911,'10303',-92.3243,38.9445,'2016-04-15 15:21:44'),(2912,'10303',-92.3242,38.9446,'2016-04-15 15:21:50'),(2913,'10303',-92.3242,38.9449,'2016-04-15 15:21:55'),(2914,'10303',-92.3244,38.9451,'2016-04-15 15:22:02'),(2915,'10303',-92.3242,38.9444,'2016-04-15 15:22:08'),(2916,'10303',-92.324,38.9446,'2016-04-15 15:22:11'),(2917,'10303',-92.324,38.9443,'2016-04-15 15:22:13'),(2918,'10303',-92.324,38.9441,'2016-04-15 15:22:20'),(2919,'10303',-92.3248,38.9437,'2016-04-15 15:22:26'),(2920,'10303',-92.3242,38.9437,'2016-04-15 15:22:32'),(2921,'10303',-92.324,38.9441,'2016-04-15 15:22:37'),(2922,'10303',-92.3252,38.9432,'2016-04-15 15:22:45'),(2923,'10303',-92.3241,38.9444,'2016-04-15 15:22:52'),(2924,'10303',-92.3236,38.9447,'2016-04-15 15:22:57'),(2925,'10303',-92.324,38.9446,'2016-04-15 15:23:02'),(2926,'10303',-92.3233,38.9447,'2016-04-15 15:23:04'),(2927,'10303',-92.3242,38.9447,'2016-04-15 15:23:31'),(2928,'10303',-92.324,38.9446,'2016-04-15 15:23:36'),(2929,'10303',-92.3245,38.9445,'2016-04-15 15:23:43'),(2930,'10303',-92.3251,38.9446,'2016-04-15 15:23:49'),(2931,'10303',-92.324,38.9446,'2016-04-15 15:23:53'),(2932,'10303',-92.3245,38.9446,'2016-04-15 15:23:55'),(2933,'10303',-92.3244,38.9446,'2016-04-15 15:24:01'),(2934,'10303',-92.3248,38.9445,'2016-04-15 15:24:07'),(2935,'10303',-92.3241,38.9445,'2016-04-15 15:24:13'),(2936,'10303',-92.324,38.9445,'2016-04-15 15:24:18'),(2937,'10303',-92.3242,38.9441,'2016-04-15 15:24:26'),(2938,'10303',-92.3241,38.9444,'2016-04-15 15:24:31'),(2939,'10303',-92.3243,38.9443,'2016-04-15 15:24:36'),(2940,'10303',-92.324,38.9443,'2016-04-15 15:24:43'),(2941,'10303',-92.324,38.9446,'2016-04-15 15:24:44'),(2942,'10303',-92.324,38.9443,'2016-04-15 15:24:49'),(2943,'10303',-92.324,38.9446,'2016-04-15 15:24:54'),(2944,'10303',-92.3237,38.9444,'2016-04-15 15:25:02'),(2945,'10303',-92.3233,38.9443,'2016-04-15 15:25:07'),(2946,'10303',-92.3228,38.9436,'2016-04-15 15:25:13'),(2947,'10303',-92.3243,38.9448,'2016-04-15 15:25:19'),(2948,'10303',-92.324,38.9449,'2016-04-15 15:25:24'),(2949,'10303',-92.3234,38.9454,'2016-04-15 15:25:31'),(2950,'10303',-92.324,38.9446,'2016-04-15 15:25:35'),(2951,'10303',-92.3236,38.945,'2016-04-15 15:25:37'),(2952,'10303',-92.3238,38.9448,'2016-04-15 15:25:42'),(2953,'10303',-92.3243,38.9443,'2016-04-15 15:25:49'),(2954,'10303',-92.324,38.9445,'2016-04-15 15:25:55'),(2955,'10303',-92.324,38.9446,'2016-04-15 15:26:00'),(2956,'10303',-92.3238,38.9445,'2016-04-15 15:26:07'),(2957,'10303',-92.3253,38.945,'2016-04-15 15:26:13'),(2958,'10303',-92.3245,38.9448,'2016-04-15 15:26:18'),(2959,'10303',-92.3235,38.9447,'2016-04-15 15:26:25'),(2960,'10303',-92.324,38.9446,'2016-04-15 15:26:27'),(2961,'10303',-92.3222,38.9444,'2016-04-15 15:26:31'),(2962,'10303',-92.3218,38.9443,'2016-04-15 15:26:37'),(2963,'10303',-92.3239,38.9445,'2016-04-15 15:26:43'),(2964,'10303',-92.3239,38.9447,'2016-04-15 15:26:48'),(2965,'10303',-92.324,38.9444,'2016-04-15 15:26:55'),(2966,'10303',-92.3241,38.9444,'2016-04-15 15:27:01'),(2967,'10303',-92.3238,38.9445,'2016-04-15 15:27:12'),(2968,'10303',-92.3222,38.9443,'2016-04-15 15:27:12'),(2969,'10303',-92.324,38.9446,'2016-04-15 15:27:18'),(2970,'10303',-92.3204,38.9438,'2016-04-15 15:27:19'),(2971,'10303',-92.3241,38.9446,'2016-04-15 15:27:25'),(2972,'10303',-92.3258,38.9454,'2016-04-15 15:27:31'),(2973,'10303',-92.3262,38.9458,'2016-04-15 15:27:36'),(2974,'10303',-92.326,38.9456,'2016-04-15 15:27:46'),(2975,'10303',-92.3241,38.9447,'2016-04-15 15:27:49'),(2976,'10303',-92.3238,38.9453,'2016-04-15 15:27:55'),(2977,'10303',-92.3233,38.9461,'2016-04-15 15:28:02'),(2978,'10303',-92.3229,38.9467,'2016-04-15 15:28:07'),(2979,'10303',-92.324,38.9446,'2016-04-15 15:28:11'),(2980,'10303',-92.3241,38.9446,'2016-04-15 15:28:13'),(2981,'10303',-92.3241,38.9447,'2016-04-15 15:28:18'),(2982,'10303',-92.3235,38.9454,'2016-04-15 15:28:26'),(2983,'10303',-92.324,38.9446,'2016-04-15 15:28:31'),(2984,'10303',-92.3241,38.9446,'2016-04-15 15:28:37'),(2985,'10303',-92.3242,38.9448,'2016-04-15 15:28:43'),(2986,'10303',-92.3239,38.9447,'2016-04-15 15:28:49'),(2987,'10303',-92.3239,38.9447,'2016-04-15 15:28:55'),(2988,'10303',-92.3238,38.945,'2016-04-15 15:29:00'),(2989,'10303',-92.324,38.9446,'2016-04-15 15:29:03'),(2990,'10303',-92.3239,38.9449,'2016-04-15 15:29:07'),(2991,'10303',-92.3239,38.9447,'2016-04-15 15:29:13'),(2992,'10303',-92.324,38.9447,'2016-04-15 15:29:19'),(2993,'10303',-92.324,38.9446,'2016-04-15 15:29:25'),(2994,'10303',-92.3245,38.9451,'2016-04-15 15:29:31'),(2995,'10303',-92.3239,38.9445,'2016-04-15 15:29:37'),(2996,'10303',-92.324,38.9445,'2016-04-15 15:29:43'),(2997,'10303',-92.324,38.9445,'2016-04-15 15:29:49'),(2998,'10303',-92.324,38.9446,'2016-04-15 15:29:54'),(2999,'10303',-92.3248,38.9441,'2016-04-15 15:29:55'),(3000,'10303',-92.3254,38.944,'2016-04-15 15:30:00'),(3001,'10303',-92.3256,38.944,'2016-04-15 15:30:07'),(3002,'10303',-92.3232,38.9446,'2016-04-15 15:30:14'),(3003,'10303',-92.3235,38.9447,'2016-04-15 15:30:19'),(3004,'10303',-92.3231,38.9448,'2016-04-15 15:30:24'),(3005,'10303',-92.3231,38.9447,'2016-04-15 15:30:31'),(3006,'10303',-92.3238,38.9444,'2016-04-15 15:30:37'),(3007,'10303',-92.3239,38.9444,'2016-04-15 15:30:43'),(3008,'10303',-92.324,38.9446,'2016-04-15 15:30:44'),(3009,'10303',-92.3244,38.9442,'2016-04-15 15:30:49'),(3010,'10303',-92.3241,38.9444,'2016-04-15 15:30:55'),(3011,'10303',-92.3239,38.9444,'2016-04-15 15:31:02'),(3012,'10303',-92.3239,38.9443,'2016-04-15 15:31:07'),(3013,'10303',-92.3242,38.944,'2016-04-15 15:31:13'),(3014,'10303',-92.3261,38.9445,'2016-04-15 15:31:19'),(3015,'10303',-92.325,38.9443,'2016-04-15 15:31:24'),(3016,'10303',-92.3231,38.9446,'2016-04-15 15:31:31'),(3017,'10303',-92.324,38.9446,'2016-04-15 15:31:35'),(3018,'10303',-92.3235,38.9445,'2016-04-15 15:31:37'),(3019,'10303',-92.3237,38.9444,'2016-04-15 15:31:43'),(3020,'10303',-92.324,38.9445,'2016-04-15 15:31:49'),(3021,'10303',-92.3245,38.9446,'2016-04-15 15:31:55'),(3022,'10303',-92.3242,38.945,'2016-04-15 15:32:21'),(3023,'10303',-92.324,38.9446,'2016-04-15 15:32:26'),(3024,'10303',-92.3244,38.9456,'2016-04-15 15:32:28'),(3025,'10303',-92.3237,38.9444,'2016-04-15 15:32:34'),(3026,'10303',-92.3243,38.9448,'2016-04-15 15:32:39'),(3027,'10303',-92.3244,38.9447,'2016-04-15 15:32:58'),(3028,'10303',-92.3242,38.9446,'2016-04-15 15:33:03'),(3029,'10303',-92.324,38.9446,'2016-04-15 15:33:16'),(3030,'10303',-92.324,38.9449,'2016-04-15 15:33:19'),(3031,'10303',-92.3239,38.9448,'2016-04-15 15:33:24'),(3032,'10303',-92.3237,38.9447,'2016-04-15 15:33:32'),(3033,'10303',-92.3242,38.9447,'2016-04-15 15:33:39'),(3034,'10303',-92.3243,38.9447,'2016-04-15 15:33:43'),(3035,'10303',-92.3245,38.9446,'2016-04-15 15:33:52'),(3036,'10303',-92.3243,38.9447,'2016-04-15 15:33:58'),(3037,'10303',-92.3242,38.9445,'2016-04-15 15:34:03'),(3038,'10303',-92.324,38.9446,'2016-04-15 15:34:07'),(3039,'10303',-92.324,38.9444,'2016-04-15 15:34:10'),(3040,'10303',-92.3244,38.944,'2016-04-15 15:34:16'),(3041,'10303',-92.3241,38.9445,'2016-04-15 15:34:22'),(3042,'10303',-92.3235,38.9448,'2016-04-15 15:34:28'),(3043,'10303',-92.3231,38.9448,'2016-04-15 15:34:34'),(3044,'10303',-92.324,38.9446,'2016-04-15 15:34:58'),(3045,'10303',-92.3238,38.9445,'2016-04-15 15:35:17'),(3046,'10303',-92.3239,38.9446,'2016-04-15 15:35:23'),(3047,'10303',-92.3244,38.945,'2016-04-15 15:35:30'),(3048,'10303',-92.3242,38.9448,'2016-04-15 15:35:37'),(3049,'10303',-92.3243,38.9447,'2016-04-15 15:35:43'),(3050,'10303',-92.3245,38.9448,'2016-04-15 15:35:49'),(3051,'10303',-92.324,38.9446,'2016-04-15 15:35:55'),(3052,'10303',-92.3243,38.9447,'2016-04-15 15:35:57'),(3053,'10303',-92.3241,38.9446,'2016-04-15 15:36:03'),(3054,'10303',-92.3245,38.9445,'2016-04-15 15:36:09'),(3055,'10303',-92.3242,38.9445,'2016-04-15 15:36:17'),(3056,'10303',-92.3242,38.9446,'2016-04-15 15:36:23'),(3057,'10303',-92.3242,38.9444,'2016-04-15 15:36:29'),(3058,'10303',-92.3243,38.9444,'2016-04-15 15:36:35'),(3059,'10303',-92.3241,38.9445,'2016-04-15 15:36:41'),(3060,'10303',-92.324,38.9446,'2016-04-15 15:36:45'),(3061,'10303',-92.324,38.9448,'2016-04-15 15:36:47'),(3062,'10303',-92.3241,38.9451,'2016-04-15 15:36:54'),(3063,'10303',-92.3243,38.9464,'2016-04-15 15:37:01'),(3064,'10303',-92.324,38.9445,'2016-04-15 15:37:09'),(3065,'10303',-92.324,38.9445,'2016-04-15 15:37:12'),(3066,'10303',-92.324,38.9446,'2016-04-15 15:37:18'),(3067,'10303',-92.324,38.9446,'2016-04-15 15:37:24'),(3068,'10303',-92.324,38.9446,'2016-04-15 15:37:36'),(3069,'10303',-92.3239,38.9447,'2016-04-15 15:37:37'),(3070,'10303',-92.3239,38.9447,'2016-04-15 15:37:43'),(3071,'10303',-92.324,38.9447,'2016-04-15 15:37:49'),(3072,'10303',-92.324,38.9447,'2016-04-15 15:37:55'),(3073,'10303',-92.3239,38.9447,'2016-04-15 15:38:01'),(3074,'10303',-92.324,38.9447,'2016-04-15 15:38:07'),(3075,'10303',-92.324,38.9449,'2016-04-15 15:38:13'),(3076,'10303',-92.3245,38.9449,'2016-04-15 15:38:19'),(3077,'10303',-92.3241,38.9446,'2016-04-15 15:38:24'),(3078,'10303',-92.324,38.9446,'2016-04-15 15:38:27'),(3079,'10303',-92.3239,38.9443,'2016-04-15 15:38:31'),(3080,'10303',-92.3239,38.9445,'2016-04-15 15:38:40'),(3081,'10303',-92.3239,38.9446,'2016-04-15 15:38:44'),(3082,'10303',-92.3237,38.9448,'2016-04-15 15:38:50'),(3083,'10303',-92.3239,38.9448,'2016-04-15 15:38:56'),(3084,'10303',-92.3239,38.9452,'2016-04-15 15:39:02'),(3085,'10303',-92.3239,38.946,'2016-04-15 15:39:08'),(3086,'10303',-92.3238,38.946,'2016-04-15 15:39:14'),(3087,'10303',-92.324,38.9446,'2016-04-15 15:39:17'),(3088,'10303',-92.324,38.9457,'2016-04-15 15:39:19'),(3089,'10303',-92.3239,38.9461,'2016-04-15 15:39:25'),(3090,'10303',-92.3239,38.946,'2016-04-15 15:39:31'),(3091,'10303',-92.3239,38.9453,'2016-04-15 15:39:37'),(3092,'10303',-92.324,38.9446,'2016-04-15 16:08:00'),(3093,'10303',-92.324,38.9445,'2016-04-15 16:08:04'),(3094,'10303',-92.324,38.9446,'2016-04-15 16:08:08'),(3095,'10303',-92.324,38.9446,'2016-04-15 16:08:15'),(3096,'10303',-92.324,38.9448,'2016-04-15 16:08:21'),(3097,'10303',-92.3241,38.9447,'2016-04-15 16:08:27'),(3098,'10303',-92.3244,38.9445,'2016-04-15 16:08:33'),(3099,'10303',-92.3244,38.9445,'2016-04-15 16:08:39'),(3100,'10303',-92.324,38.9446,'2016-04-15 16:08:45'),(3101,'10303',-92.324,38.9446,'2016-04-15 16:08:51'),(3102,'10303',-92.324,38.9446,'2016-04-15 16:08:53'),(3103,'10303',-92.324,38.9445,'2016-04-15 16:08:57'),(3104,'10303',-92.3239,38.9445,'2016-04-15 16:09:03'),(3105,'10303',-92.3238,38.9446,'2016-04-15 16:09:10'),(3106,'10303',-92.3238,38.9446,'2016-04-15 16:09:17'),(3107,'10303',-92.3239,38.9446,'2016-04-15 16:09:21'),(3108,'10303',-92.3239,38.9446,'2016-04-15 16:09:27'),(3109,'10303',-92.3239,38.9446,'2016-04-15 16:09:33'),(3110,'10303',-92.3239,38.9446,'2016-04-15 16:09:39'),(3111,'10303',-92.324,38.9446,'2016-04-15 16:09:43'),(3112,'10303',-92.3241,38.9446,'2016-04-15 16:09:45'),(3113,'10303',-92.3241,38.9446,'2016-04-15 16:09:51'),(3114,'10303',-92.3247,38.9448,'2016-04-15 16:09:58'),(3115,'10303',-92.3247,38.9448,'2016-04-15 16:10:03'),(3116,'10303',-92.3249,38.9449,'2016-04-15 16:10:10'),(3117,'10303',-92.3259,38.9451,'2016-04-15 16:10:15'),(3118,'10303',-92.3259,38.9451,'2016-04-15 16:10:21'),(3119,'10303',-92.3245,38.9448,'2016-04-15 16:10:27'),(3120,'10303',-92.3243,38.9448,'2016-04-15 16:10:33'),(3121,'10303',-92.324,38.9446,'2016-04-15 16:10:34'),(3122,'10303',-92.3242,38.9447,'2016-04-15 16:10:39'),(3123,'10303',-92.3241,38.9447,'2016-04-15 16:10:45'),(3124,'10303',-92.3241,38.9448,'2016-04-15 16:10:51'),(3125,'10303',-92.324,38.9448,'2016-04-15 16:10:57'),(3126,'10303',-92.3242,38.9448,'2016-04-15 16:11:03'),(3127,'10303',-92.3242,38.9447,'2016-04-15 16:11:12'),(3128,'10303',-92.3241,38.9447,'2016-04-15 16:11:15'),(3129,'10303',-92.3241,38.9446,'2016-04-15 16:11:21'),(3130,'10303',-92.324,38.9446,'2016-04-15 16:11:24'),(3131,'10303',-92.324,38.9446,'2016-04-15 16:11:27'),(3132,'10303',-92.3241,38.9446,'2016-04-15 16:11:36'),(3133,'10303',-92.3241,38.9447,'2016-04-15 16:11:42'),(3134,'10303',-92.324,38.9446,'2016-04-15 16:11:48'),(3135,'10303',-92.3237,38.9447,'2016-04-15 16:11:54'),(3136,'10303',-92.3236,38.9447,'2016-04-15 16:12:00'),(3137,'10303',-92.3237,38.9447,'2016-04-15 16:12:06'),(3138,'10303',-92.3241,38.9447,'2016-04-15 16:12:12'),(3139,'10303',-92.324,38.9446,'2016-04-15 16:12:15'),(3140,'10303',-92.3241,38.9446,'2016-04-15 16:12:18'),(3141,'10303',-92.3241,38.9447,'2016-04-15 16:12:24'),(3142,'10303',-92.3243,38.9448,'2016-04-15 16:12:30'),(3143,'10303',-92.324,38.9447,'2016-04-15 16:12:36'),(3144,'10303',-92.324,38.9446,'2016-04-15 16:12:42'),(3145,'10303',-92.324,38.9445,'2016-04-15 16:12:48'),(3146,'10303',-92.3238,38.9445,'2016-04-15 16:12:55'),(3147,'10303',-92.3238,38.9445,'2016-04-15 16:13:00'),(3148,'10303',-92.324,38.9446,'2016-04-15 16:13:05'),(3149,'10303',-92.3238,38.9445,'2016-04-15 16:13:06'),(3150,'10303',-92.3238,38.9446,'2016-04-15 16:13:12'),(3151,'10303',-92.3241,38.9446,'2016-04-15 16:13:18'),(3152,'10303',-92.3239,38.9447,'2016-04-15 16:13:24'),(3153,'10303',-92.324,38.9447,'2016-04-15 16:13:31'),(3154,'10303',-92.3242,38.9444,'2016-04-15 16:13:37'),(3155,'10303',-92.3242,38.9445,'2016-04-15 16:13:42'),(3156,'10303',-92.3242,38.9448,'2016-04-15 16:13:48'),(3157,'10303',-92.3235,38.9449,'2016-04-15 16:13:54'),(3158,'10303',-92.324,38.9446,'2016-04-15 16:13:56'),(3159,'10303',-92.3239,38.9449,'2016-04-15 16:14:00'),(3160,'10303',-92.3242,38.9447,'2016-04-15 16:14:08'),(3161,'10303',-92.3248,38.9447,'2016-04-15 16:14:12'),(3162,'10303',-92.3251,38.9448,'2016-04-15 16:14:18'),(3163,'10303',-92.3254,38.945,'2016-04-15 16:14:24'),(3164,'10303',-92.3247,38.9444,'2016-04-15 16:14:30'),(3165,'10303',-92.3248,38.9443,'2016-04-15 16:14:36'),(3166,'10303',-92.3251,38.9446,'2016-04-15 16:14:42'),(3167,'10303',-92.324,38.9446,'2016-04-15 16:14:46'),(3168,'10303',-92.3243,38.9446,'2016-04-15 16:14:48'),(3169,'10303',-92.3241,38.9446,'2016-04-15 16:14:54'),(3170,'10303',-92.3241,38.9446,'2016-04-15 16:15:00'),(3171,'10303',-92.3242,38.9447,'2016-04-15 16:15:06'),(3172,'10303',-92.3243,38.9449,'2016-04-15 16:15:13'),(3173,'10303',-92.324,38.9446,'2016-04-15 16:15:37'),(3174,'10303',-92.324,38.9446,'2016-04-15 16:16:29'),(3175,'10303',-92.324,38.9446,'2016-04-15 16:17:21'),(3176,'10303',-92.324,38.9446,'2016-04-15 16:18:12'),(3177,'10303',-92.324,38.9446,'2016-04-15 16:19:05'),(3178,'10303',-92.324,38.9446,'2016-04-15 16:19:56'),(3179,'10303',-92.324,38.9446,'2016-04-15 16:20:47'),(3180,'10303',-92.324,38.9446,'2016-04-15 16:21:38'),(3181,'10303',-92.324,38.9446,'2016-04-15 16:22:29'),(3182,'10303',-92.324,38.9446,'2016-04-15 16:23:20'),(3183,'10303',-92.324,38.9446,'2016-04-15 16:24:10'),(3184,'10301',-92.3317,38.9467,'2016-04-15 16:52:34'),(3185,'10301',-92.3316,38.9466,'2016-04-15 16:52:32'),(3186,'10301',-92.3317,38.9466,'2016-04-15 16:52:38'),(3187,'10301',-92.3316,38.9467,'2016-04-15 16:52:44'),(3188,'10301',-92.3316,38.9468,'2016-04-15 16:52:50'),(3189,'10301',-92.3316,38.9468,'2016-04-15 16:52:56'),(3190,'10301',-92.3316,38.9468,'2016-04-15 16:53:02'),(3191,'10301',-92.3317,38.9468,'2016-04-15 16:53:08'),(3192,'10301',-92.3318,38.9469,'2016-04-15 16:53:14'),(3193,'10301',-92.3317,38.9468,'2016-04-15 16:53:20'),(3194,'10301',-92.3315,38.9467,'2016-04-15 16:53:26'),(3195,'10301',-92.3311,38.9457,'2016-04-27 15:29:45'),(3196,'10301',-92.3312,38.9457,'2016-04-27 15:29:47'),(3197,'10301',-92.3315,38.9457,'2016-04-27 15:29:52'),(3198,'10301',-92.3318,38.9457,'2016-04-27 15:29:58'),(3199,'10301',-92.3317,38.9457,'2016-04-27 15:30:04'),(3200,'10301',-92.3314,38.9457,'2016-04-27 15:30:10'),(3201,'10301',-92.3316,38.9457,'2016-04-27 15:30:17'),(3202,'10301',-92.3318,38.9457,'2016-04-27 15:30:22'),(3203,'10301',-92.3316,38.9457,'2016-04-27 15:30:28'),(3204,'10301',-92.3321,38.9458,'2016-04-27 15:30:34'),(3205,'10301',-92.3311,38.9457,'2016-04-27 15:30:37'),(3206,'10301',-92.3328,38.9458,'2016-04-27 15:30:40'),(3207,'10301',-92.3336,38.9458,'2016-04-27 15:30:46'),(3208,'10301',-92.3336,38.9458,'2016-04-27 15:30:52'),(3209,'10301',-92.3333,38.9458,'2016-04-27 15:30:58'),(3210,'10301',-92.3328,38.9457,'2016-04-27 15:31:04'),(3211,'10301',-92.3325,38.9457,'2016-04-27 15:31:10'),(3212,'10301',-92.3322,38.9457,'2016-04-27 15:31:17'),(3213,'10301',-92.3311,38.9457,'2016-04-27 15:31:22'),(3214,'10301',-92.3311,38.9457,'2016-04-27 15:31:27'),(3215,'10301',-92.331,38.9457,'2016-04-27 15:31:28'),(3216,'10301',-92.3309,38.9457,'2016-04-27 15:31:34'),(3217,'10301',-92.331,38.9457,'2016-04-27 15:31:40'),(3218,'10301',-92.3311,38.9457,'2016-04-27 15:31:46'),(3219,'10301',-92.3311,38.9457,'2016-04-27 15:31:52');
/*!40000 ALTER TABLE `tempstaffs_locations` ENABLE KEYS */;
UNLOCK TABLES;
/*!40103 SET TIME_ZONE=@OLD_TIME_ZONE */;

/*!40101 SET SQL_MODE=@OLD_SQL_MODE */;
/*!40014 SET FOREIGN_KEY_CHECKS=@OLD_FOREIGN_KEY_CHECKS */;
/*!40014 SET UNIQUE_CHECKS=@OLD_UNIQUE_CHECKS */;
/*!40101 SET CHARACTER_SET_CLIENT=@OLD_CHARACTER_SET_CLIENT */;
/*!40101 SET CHARACTER_SET_RESULTS=@OLD_CHARACTER_SET_RESULTS */;
/*!40101 SET COLLATION_CONNECTION=@OLD_COLLATION_CONNECTION */;
/*!40111 SET SQL_NOTES=@OLD_SQL_NOTES */;

-- Dump completed on 2016-05-10 14:29:53
